{"label": "Advantages", "mapping": {"name": "name", "effect": "system.effect", "completesuccess": "system.completesuccess", "partialsuccess": "system.partialsuccess", "failure": "system.failure", "options": "system.options"}, "entries": [{"name": "Atrakcyjny ", "effect": "Za ka\u017cdym razem, gdy starasz si\u0119 zainteresowa\u0107 sob\u0105 BN-a, rzu\u0107 +Charyzma: ", "completesuccess": "Wybierz do trzech mo\u017cliwo\u015bci w dowolnym momencie sceny. ", "partialsuccess": "Wybierz do dw\u00f3ch mo\u017cliwo\u015bci w dowolnym momencie sceny. ", "failure": "Wybierz jedn\u0105 mo\u017cliwo\u015b\u0107 w dowolnym momencie sceny, ale istota zainteresowania jest inna, ni\u017c si\u0119 spodziewa\u0142e\u015b. MG wykonuje Ruch. ", "id": "\u00c9rotique"}, {"name": "Autorytet ", "effect": "Jeste\u015b autorytetem naukowym w swojej dziedzinie, a w gazetach, periodykach naukowych i na panelach dyskusyjnych cz\u0119sto pojawia si\u0119 twoje nazwisko. Na pocz\u0105tku ka\u017cdej sesji gry rzu\u0107 +Charyzma: ", "completesuccess": "Podczas tej sesji gry wybierz do trzech mo\u017cliwo\u015bci. ", "partialsuccess": "Podczas tej sesji gry wybierz do dw\u00f3ch mo\u017cliwo\u015bci. ", "failure": "Podczas tej sesji gry mo\u017cesz wybra\u0107 jedn\u0105 mo\u017cliwo\u015b\u0107; przyci\u0105gasz te\u017c uwag\u0119 ze strony prze\u015bladowc\u00f3w, rywali z bran\u017cy, konkurent\u00f3w czy wrogich si\u0142. MG wykonuje za nich Ruch podczas sesji. ", "id": "Autorit\u00e9"}, {"name": "Budz\u0105cy podziw ", "effect": "Za ka\u017cdym razem, gdy ostentacyjnie okazujesz wy\u017cszo\u015b\u0107, rzu\u0107 +Charyzma: ", "completesuccess": "Ludzie wok\u00f3\u0142 ciebie akceptuj\u0105 ci\u0119 jako lidera i s\u0142uchaj\u0105 ci\u0119. Otrzymujesz +1 do wszystkich test\u00f3w przeciw ludziom w tej scenie. ", "partialsuccess": "Ludzie czuj\u0105, \u017ce nadawa\u0142by\u015b si\u0119 na lidera, i okazuj\u0105 ci szacunek. Wybierz jednego, kt\u00f3ry szczeg\u00f3lnie zgadza si\u0119 z tym, co my\u015blisz. \n                      \n                  Otrzymujesz +1 do wszystkich test\u00f3w przeciwko \n                \n              \n            tej osobie do ko\u0144ca sceny. ", "failure": "Ludzie traktuj\u0105 ci\u0119 jak lidera, ale jeden z nich usi\u0142uje ci odebra\u0107 ten status. MG wykonuje Ruch. ", "id": "Alpha"}, {"name": "Elitarne wykszta\u0142cenie ", "effect": "Ucz\u0119szcza\u0142e\u015b do jednej z najbardziej presti\u017cowych szk\u00f3\u0142 wy\u017cszych na \u015bwiecie i nawi\u0105za\u0142e\u015b kontakty dysponuj\u0105ce w\u0142adz\u0105 i wp\u0142ywami. Za ka\u017cdym razem, gdy prosisz swoje kontakty o przys\u0142ug\u0119, rzu\u0107 +Charyzma: ", "completesuccess": "Wybierz do trzech mo\u017cliwo\u015bci. ", "partialsuccess": "Wybierz do dw\u00f3ch mo\u017cliwo\u015bci. ", "failure": "Wybierz jedn\u0105 mo\u017cliwo\u015b\u0107, ale wi\u0105\u017ce si\u0119 ona z zaci\u0105gni\u0119ciem d\u0142ugu. Trzeba go b\u0119dzie sp\u0142aci\u0107 w wybranym przez MG momencie opowie\u015bci. ", "id": "\u00c9ducation d\u2019\u00e9lite"}, {"name": "Fascynacja ", "effect": "Za ka\u017cdym razem, gdy u\u017cywasz sztuki, by uwie\u015b\u0107 BN-a, rzu\u0107 +Charyzma: ", "completesuccess": "Wybierz jedn\u0105 z mo\u017cliwo\u015bci. ", "partialsuccess": "Wybierz jedn\u0105 mo\u017cliwo\u015bci; MG za\u015b wybiera jedno z poni\u017cszych:  \u25ca Osoba ta dostaje obsesji na twoim punkcie. \u25ca Osoba pragnie ci\u0119 tu i teraz. ", "failure": "Wp\u0142ywasz na t\u0119 osob\u0119, ale w nieprzewidziany spos\u00f3b lub zainteresowa\u0142a si\u0119 ona tob\u0105 tak bardzo, \u017ce to a\u017c nieprzyjemne \u2013 ty wybierasz. MG wykonuje Ruch. ", "id": "Fascination"}, {"name": "Gadzi j\u0119zyk ", "effect": "Za ka\u017cdym razem, gdy kim\u015b manipulujesz, rzu\u0107 +Charyzma: ", "completesuccess": "Wybierz jedn\u0105 z mo\u017cliwo\u015bci:  \u25ca Dana osoba ci ufa (BG przypisuje +1 do Relacji z tob\u0105).  \u25ca Dana osoba jest tob\u0105 oczarowana (otrzymujesz +1 do wszystkich test\u00f3w przeciw niej w tej scenie).  \u25ca Dana osoba ujawnia jak\u0105\u015b s\u0142abo\u015b\u0107, kt\u00f3r\u0105 mo\u017cesz wykorzysta\u0107 p\u00f3\u017aniej. ", "partialsuccess": "Wybierz jedn\u0105 z mo\u017cliwo\u015bci z listy powy\u017cej, ale wyst\u0119puje te\u017c jakie\u015b utrudnienie wybrane przez MG lub gracza:  \u25ca Osoba ta widzi ci\u0119 jako przyjaciela, do kt\u00f3rego mo\u017ce si\u0119 zwr\u00f3ci\u0107 w potrzebie.  \u25ca Osoba ta zakochuje si\u0119 w tobie. \u25ca Osoba ta poczuje si\u0119 zdradzona, opuszczona, poni\u017cona lub zmanipulowana, je\u015bli kiedykolwiek nadu\u017cyjesz jej zaufania. ", "failure": "Dana osoba przejrza\u0142a ci\u0119 na wskro\u015b; b\u0119dzie dzia\u0142a\u0107 tak, jak uzna za stosowne. \n            ", "id": "Baratineur\u00b7euse"}, {"name": "Kontakty naukowe ", "effect": "Masz kontakty naukowe na uniwersytetach w wielu miejscach \u015bwiata. Za ka\u017cdym razem, gdy przyda\u0142oby si\u0119 zna\u0107 kogo\u015b na jakim\u015b uniwersytecie, podaj imi\u0119 tej osoby, jej specjalizacj\u0119 naukow\u0105 i to, jak si\u0119 poznali\u015bcie, po czym rzu\u0107 +Charyzma: ", "completesuccess": "Osoba ta jest przyjacielem (Relacja +1). ", "partialsuccess": "Osoba ta jest znajomym (Relacja +0). ", "failure": "Znacie si\u0119, ale jest mi\u0119dzy wami dawna wrogo\u015b\u0107 (Relacja +0). ", "id": "R\u00e9seau universitaire"}, {"name": "Kontakty uliczne ", "effect": "Masz kontakty w\u015br\u00f3d bezdomnych, szale\u0144c\u00f3w i innych wyrzutk\u00f3w spo\u0142ecze\u0144stwa. Za ka\u017cdym razem, gdy potrzebujesz si\u0119 czego\u015b dowiedzie\u0107 i skomunikowa\u0107 si\u0119 ze swoimi kontaktami, rzu\u0107 +Charyzma: ", "completesuccess": "Zadaj do trzech pyta\u0144. ", "partialsuccess": "Zadaj jedno pytanie. ", "failure": "Zadaj jedno pytanie, ale kto\u015b stanie si\u0119 podejrzliwy lub agresywny. MG wykonuje Ruch. ", "id": "Contacts dans les rues"}, {"name": "Sie\u0107 kontakt\u00f3w ", "effect": "Za ka\u017cdym razem, gdy pytasz swoje kontakty o wybran\u0105 przez ciebie osob\u0119, rzu\u0107 +Charyzma: ", "completesuccess": "Mo\u017cesz zada\u0107 trzy pytania z poni\u017cszej listy. ", "partialsuccess": "Mo\u017cesz zada\u0107 dwa pytania z poni\u017cszej listy. ", "failure": "Mo\u017cesz zada\u0107 jedno pytanie z poni\u017cszej listy, ale osoba, o kt\u00f3r\u0105 pytasz, dowiaduje si\u0119 o tym. MG wykonuje Ruch. ", "id": "R\u00e9seau"}, {"name": "Talent artystyczny ", "effect": "Za ka\u017cdym razem, gdy uprawiasz swoj\u0105 dziedzin\u0119 sztuki lub pokazujesz swoje prace publiczno\u015bci, rzu\u0107 +Charyzma, by wp\u0142yn\u0105\u0107 na publiczno\u015b\u0107 w dowolnym momencie sceny: ", "completesuccess": "Wybierz do dw\u00f3ch mo\u017cliwo\u015bci w dowolnym momencie sceny. ", "partialsuccess": "Wybierz jedn\u0105 z mo\u017cliwo\u015bci w dowolnym momencie sceny. ", "failure": "Wybierz jedn\u0105 z mo\u017cliwo\u015bci. Sprawy si\u0119 gmatwaj\u0105 lub pojawia si\u0119 zagro\u017cenie. MG wykonuje Ruch. ", "id": "Talent artistique"}, {"name": "Utrzymanek ", "effect": "Utrzymujesz relacje z wieloma osobami, kt\u00f3re wierz\u0105, \u017ce jeste\u015bcie sobie przeznaczeni, ale nie znaj\u0105 si\u0119 nawzajem. Za ka\u017cdym razem, gdy potrzebujesz pieni\u0119dzy, kryj\u00f3wki, ochrony lub innej pomocy, kt\u00f3rej mo\u017ce udzieli\u0107 jedna z twoich ofiar, opisz j\u0105 i rzu\u0107 +Charyzma: ", "completesuccess": "Otrzymujesz to, czego potrzebujesz. ", "partialsuccess": "Jedna z os\u00f3b mo\u017ce ci pom\u00f3c, ale b\u0119dziesz musia\u0142 j\u0105 do tego przekona\u0107. ", "failure": "Znasz kogo\u015b, kto mo\u017ce ci pom\u00f3c, ale ta osoba przejrza\u0142a twoj\u0105 gr\u0119. Je\u015bli chcesz jej pomocy, musisz uciec si\u0119 do gr\u00f3\u017ab lub szanta\u017cu. ", "id": "Imposteur\u00b7euse"}, {"name": "Uwodziciel ", "effect": "Potrafisz \u015bwiadomie sprawi\u0107, \u017ce ludzie si\u0119 w tobie zakochuj\u0105. Za ka\u017cdym razem, gdy prze\u017cywasz z kim\u015b intymne chwile, rzu\u0107 +Charyzma: ", "completesuccess": "Wybierz do trzech mo\u017cliwo\u015bci i u\u017cyj ich w dowolnym momencie opowie\u015bci. ", "partialsuccess": "Wybierz do dw\u00f3ch mo\u017cliwo\u015bci i u\u017cyj ich w dowolnym momencie opowie\u015bci. ", "failure": "Wybierz jedn\u0105 z mo\u017cliwo\u015bci i u\u017cyj jej w dowolnym momencie opowie\u015bci, ale sam r\u00f3wnie\u017c zaczynasz co\u015b czu\u0107 do tej osoby. Zwi\u0119ksz Relacj\u0119 z ni\u0105 o +1. ", "id": "S\u00e9ducteur\u00b7rice"}, {"name": "Wieczna ofiara ", "effect": "Za ka\u017cdym razem, gdy wydajesz si\u0119 bezbronny w niebezpiecznej sytuacji, rzu\u0107 czym, rzu\u0107 +Charyzma: ", "completesuccess": "Wybierz trzy mo\u017cliwo\u015bci. Do dw\u00f3ch z nich mo\u017cesz wykorzysta\u0107 p\u00f3\u017aniej w tej scenie. ", "partialsuccess": "Wybierz jedn\u0105 z mo\u017cliwo\u015bci.", "failure": "Kto\u015b usi\u0142uje wykorzysta\u0107 ciebie i twoje po\u0142o\u017cenie. MG wykonuje Ruch.", "id": "Victime perp\u00e9tuelle"}, {"name": "Wp\u0142ywowi przyjaciele ", "effect": "Masz przyjaci\u00f3\u0142 dysponuj\u0105cych w\u0142adz\u0105 i wp\u0142ywami. Za ka\u017cdym razem, gdy potrzebujesz zdoby\u0107 jaki\u015b przedmiot, dosta\u0107 si\u0119 do niedost\u0119pnych miejsc lub spotka\u0107 z konkretn\u0105 osob\u0105, rzu\u0107 +Charyzma: ", "completesuccess": "Twoi przyjaciele mog\u0105 za\u0142atwi\u0107 ci to, czego potrzebujesz.", "partialsuccess": "Mog\u0105 ci to za\u0142atwi\u0107, ale musisz im si\u0119 p\u00f3\u017aniej odwdzi\u0119czy\u0107. ", "failure": "Mog\u0105 ci za\u0142atwi\u0107 to, czego chcesz, ale nara\u017casz si\u0119 komu\u015b pot\u0119\u017cnemu lub wywo\u0142ujesz niechciany rozg\u0142os. MG wykonuje Ruch. ", "id": "Ami\u00b7es influent\u00b7es"}, {"name": "Znany ", "effect": "Jeste\u015b znany w swojej dziedzinie. Za ka\u017cdym razem, gdy spotykasz kogo\u015b, kto prawdopodobnie o tobie s\u0142ysza\u0142, rzu\u0107 +Charyzma: ", "completesuccess": "Dana osoba zna twoj\u0105 reputacj\u0119; mo\u017cesz zadecydo- wa\u0107, co s\u0142ysza\u0142a. MG b\u0119dzie j\u0105 odpowiednio odgrywa\u0107. Otrzymujesz +2 do nast\u0119pnego rzutu na Ruch Wp\u0142y\u0144 na innych przeciwko tej osobie", "partialsuccess": "Dana osoba zna twoj\u0105 reputacj\u0119; mo\u017cesz zadecydowa\u0107, co s\u0142ysza\u0142a. ", "failure": "Dana osoba zna twoj\u0105 reputacj\u0119. MG decyduje, co s\u0142ysza\u0142a. ", "id": "C\u00e9l\u00e8bre"}, {"name": "Wtyki ", "effect": "Umie\u015bci\u0142e\u015b par\u0119 wtyk w interesuj\u0105cych ci\u0119 grupach lub organizacjach takich jak konkurenci biznesowi, rz\u0105dy czy kulty. Za ka\u017cdym razem, gdy kontaktujesz si\u0119 z wtyk\u0105, by zdoby\u0107 informacj\u0119 lub us\u0142ugi, okre\u015bl, do jakiej grupy nale\u017cy, nadaj jej imi\u0119 i rzu\u0107 +Charyzma: ", "completesuccess": "Mo\u017cesz skorzysta\u0107 z obu poni\u017cszych mo\u017cliwo\u015bci. ", "partialsuccess": "Mo\u017cesz skorzysta\u0107 z jednej z poni\u017c- szych mo\u017cliwo\u015bci.", "failure": "Lojalno\u015b\u0107 wtyki jest w\u0105tpliwa. Czy mo\u017cesz jej ufa\u0107? MG wykonuje Ruch.", "id": "Espion\u00b7ne\u00b7s"}, {"name": "Znajomo\u015b\u0107 p\u00f3\u0142\u015bwiatka", "effect": "Za ka\u017cdym razem, gdy chcesz pozyska\u0107 przedmioty lub us\u0142ugi w \u015bwiecie przest\u0119pczym, rzu\u0107 +Charyzma:", "completesuccess": "Nie ma problemu: otrzymujesz to, czego chcesz. Kto\u015b ci zaraz pomo\u017ce.", "partialsuccess": "MG wybiera jedn\u0105 mo\u017cliwo\u015b\u0107: \u25ca B\u0119dzie ci\u0119 to dodatkowo kosztowa\u0107, np. w postaci zap\u0142aty w towarze, wy\u015bwiadczonej przys\u0142ugi czy zawy\u017conej ceny. \u25ca Mo\u017cesz to za\u0142atwi\u0107, ale tylko u osoby, u kt\u00f3rej masz ju\u017c d\u0142ug. \u25ca \u201eCholera, mia\u0142em jedno, ale w\u0142a\u015bnie opchn\u0105\u0142em to [wstaw imi\u0119] \u2013 mo\u017ce odkupisz to od niego?\u201d \u25ca \u201ePrzepraszam, to troch\u0119 wykracza poza moje pole dzia\u0142ania, ale w zamian mo\u017ce to ci\u0119 zadowoli?\u201d", "failure": "My\u015blisz, \u017ce znalaz\u0142e\u015b to, czego szuka\u0142e\u015b; jednak pozyskanie tej rzeczy okazuje si\u0119 kosztowne lub wi\u0105\u017ce si\u0119 z du\u017cymi utrudnieniami, lub sama rzecz ma znaczne wady. MG wykonuje Ruch", "id": "\u00c9cole de la rue"}, {"name": "Amator okultyzmu ", "effect": "Wiesz co nieco o magicznych rytua\u0142ach, ale nigdy nie wyszed\u0142e\u015b poza wykonywanie zapisanych instrukcji. Za ka\u017cdym razem, gdy odprawiasz rytua\u0142 na podstawie instrukcji, rzu\u0107 +Dusza: ", "completesuccess": "Prawid\u0142owo odprawiasz ca\u0142y rytua\u0142, kt\u00f3ry dzia\u0142a zgodnie z zamiarem. ", "partialsuccess": "Robisz drobny b\u0142\u0105d. MG wybiera pojawiaj\u0105cy si\u0119 problem:  \u25ca Nie posiadasz ochrony przed mocami lub bytami, kt\u00f3re rytua\u0142 przywo\u0142uje.  \u25ca Dzia\u0142anie rytua\u0142u jest nieco inne ni\u017c oczekiwa\u0142e\u015b. \u25ca Rytua\u0142 przywo\u0142uje istoty lub moce, kt\u00f3rych si\u0119 nie spodziewa\u0142e\u015b. ", "failure": "\u0179le zrozumia\u0142e\u015b pisma i przeprowadzasz rytua\u0142 bez \u017cadnej kontroli nad jego skutkami. MG wykonuje Ruch. \n            ", "id": "Occultiste amateur\u00b7rice"}, {"name": "Artefakt ", "effect": "Posiadasz pozornie zwyczajny przedmiot, kt\u00f3ry jednak skrywa mistyczne moce. Mo\u017cna ich u\u017cy\u0107; w tym celu trzeba wykona\u0107 jak\u0105\u015b okre\u015blon\u0105 czynno\u015b\u0107, na przyk\u0142ad nape\u0142ni\u0107 przedmiot krwi\u0105 b\u0105d\u017a wyszepta\u0107 zakazane s\u0142owa (ty decydujesz). Za ka\u017cdym razem, gdy u\u017cywasz mocy przedmiotu, rzu\u0107 +Dusza: ", "completesuccess": "Wybierz jedn\u0105 z mo\u017cliwo\u015bci (MG decyduje, co si\u0119 dzieje). ", "partialsuccess": "Wybierz jedn\u0105 z mo\u017cliwo\u015bci (MG decyduje, co si\u0119 dzieje). Moce artefaktu wymagaj\u0105 jednak dodatkowej ceny (MG decyduje jakiej). ", "failure": "Moce artefaktu wywo\u0142uj\u0105 jaki\u015b nieprzewidziany, prawdopodobnie niebezpieczny efekt. MG wykonuje Ruch. Sugerowane mo\u017cliwo\u015bci: MG mo\u017ce zmodyfikowa\u0107 poni\u017csz\u0105 list\u0119 \u2013 sam lub wsp\u00f3lnie z graczem \u2013 by ustali\u0107, jakie dok\u0142adnie efekty mo\u017ce wywo\u0142a\u0107 artefakt.  \u25ca Zobacz prawdziw\u0105 posta\u0107 jakiej\u015b istoty lub miejsca.  \u25ca Otrzymaj wizj\u0119 tego, co ci zagra\u017ca.  \u25ca Wydosta\u0144 si\u0119 z trudnej sytuacji. \u25ca Otrzymaj wizj\u0119 tego, co ci zagra\u017ca.\u25ca Wezwij istot\u0119 zwi\u0105zan\u0105 z artefaktem i targuj si\u0119 z ni\u0105. ", "id": "Artefact"}, {"name": "Boski ", "effect": "Co\u015b w tobie przypomina twoim by\u0142ym s\u0142ugom, czym naprawd\u0119 jeste\u015b. Za ka\u017cdym razem, gdy spotykasz potwora, rzu\u0107 +Dusza: ", "completesuccess": "Istota bierze ci\u0119 za boga. Wybierz do trzech mo\u017cliwo\u015bci i u\u017cyj ich w dowolnym momencie tej sceny. ", "partialsuccess": "Fascynujesz istot\u0119. Wybierz jedn\u0105 z mo\u017cliwo\u015bci. ", "failure": "Mo\u017cesz wybra\u0107 jedn\u0105 z mo\u017cliwo\u015bci, ale po jej wykorzystaniu istota pragnie ci\u0119 posi\u0105\u015b\u0107 \u2013 mo\u017ce usi\u0142owa\u0107 ci\u0119 po\u017cre\u0107 lub schwyta\u0107. MG wykonuje Ruch. ", "id": "Divin\u00b7e"}, {"name": "Charyzmatyczna aura ", "effect": "Promieniuje od ciebie aura, kt\u00f3ra sprawia, \u017ce ludzie ufaj\u0105 ci i szukaj\u0105 twojego towarzystwa. Za ka\u017cdym razem, gdy twoja aura jest naprawd\u0119 zauwa\u017calna, rzu\u0107 +Dusza: ", "completesuccess": "Wybierz dwie r\u00f3\u017cne mo\u017cliwo\u015bci. ", "partialsuccess": "Wybierz jedn\u0105 z mo\u017cliwo\u015bci. ", "failure": "Wybierz jedn\u0105 z mo\u017cliwo\u015bci; przyci\u0105gasz tak\u017ce niepo\u017c\u0105dan\u0105 uwag\u0119. MG wykonuje Ruch. ", "id": "Aura charismatique"}, {"name": "Egzorcysta ", "effect": "Za ka\u017cdym razem, gdy odprawiasz egzorcyzmy, by wygna\u0107 ducha lub istot\u0119 z innego wymiaru, opisz, jak wygl\u0105da rytua\u0142, i rzu\u0107 +Dusza: ", "completesuccess": "Istota zostaje odes\u0142ana. Wybierz dwie mo\u017cliwo\u015bci. ", "partialsuccess": "Istota zostaje odes\u0142ana. Wybierz jedn\u0105 z mo\u017cliwo\u015bci. ", "failure": "Istota opiera si\u0119 odes\u0142aniu i wydarza si\u0119 co\u015b okropnego \u2013 na przyk\u0142ad op\u0119tuje ci\u0119. MG wykonuje Ruch. ", "id": "Exorciste"}, {"name": "Geniusz ", "effect": "Za ka\u017cdym razem, gdy znajdziesz si\u0119 w sytuacji zagra\u017caj\u0105cej \u017cyciu, rzu\u0107 +Dusza, by sprawdzi\u0107, czy uda ci si\u0119 odkry\u0107 z niej wyj\u015bcie: ", "completesuccess": "Wybierz do trzech Przewag, kt\u00f3rych mo\u017cesz u\u017cy\u0107 w dowolnym momencie sceny, dop\u00f3ki wci\u0105\u017c jeste\u015b zagro\u017cony. ", "partialsuccess": "Wybierz do dw\u00f3ch Przewag, kt\u00f3rych mo\u017cesz u\u017cy\u0107 w dowolnym momencie sceny, dop\u00f3ki wci\u0105\u017c jeste\u015b zagro\u017cony. ", "failure": "Wybierz jedn\u0105 Przewag\u0119. Przyci\u0105gasz te\u017c niepo\u017c\u0105dan\u0105 uwag\u0119. MG wykonuje Ruch. Przewagi:  \u25ca Logiczne my\u015blenie: Wymy\u015blasz efektywny spos\u00f3b poradzenia sobie z zagro\u017ceniem. Zadaj +1 punkt Obra\u017ce\u0144, kiedy go wykorzystujesz.  \u25ca Bystry: Wiesz, jak uchroni\u0107 si\u0119 przed Ranami. Potraktuj to tak, jakby\u015b wyrzuci\u0142 (15+) na Ruch Uniknij Obra\u017ce\u0144 w momencie, gdy wykorzystujesz t\u0119 wiedz\u0119.  \u25ca Racjonalny: Wiesz, jak ocali\u0107 sk\u00f3r\u0119, po\u015bwi\u0119caj\u0105c kogo\u015b innego. Wybierz osob\u0119, kt\u00f3r\u0105 si\u0119 pos\u0142ugujesz, by uciec zagro\u017ceniu. ", "id": "G\u00e9nie"}, {"name": "G\u0142os b\u00f3lu ", "effect": "Gdy jaki\u015b przeciwnik po raz pierwszy powa\u017cnie lub krytycznie ci\u0119 rani, mo\u017cesz czego\u015b si\u0119 dowiedzie\u0107 dzi\u0119ki b\u00f3lowi. Rzu\u0107 +Dusza: ", "completesuccess": "Wybierz dwie mo\u017cliwo\u015bci. ", "partialsuccess": "Wybierz jedn\u0105 z mo\u017cliwo\u015bci. ", "failure": "Wybierz jedn\u0105 z mo\u017cliwo\u015bci; b\u00f3l w ko\u0144cu ci\u0119 pokona i stracisz przytomno\u015b\u0107. \n            ", "id": "Voix de douleur"}, {"name": "G\u0142os szale\u0144stwa ", "effect": "Za ka\u017cdym razem, gdy manipulujesz t\u0142umem, rzu\u0107 +Dusza: ", "completesuccess": "Wybierz do trzech mo\u017cliwo\u015bci i u\u017cyj ich w dowolnym momencie sceny. ", "partialsuccess": "Wybierz do dw\u00f3ch mo\u017cliwo\u015bci i u\u017cyj ich w dowolnym momencie sceny. ", "failure": "Wybierz jedn\u0105 z mo\u017cliwo\u015bci i u\u017cyj jej w dowolnym momencie sceny. T\u0142um staje si\u0119 jednak niemo\u017cliwy do okie\u0142znania i sk\u0142onny do agresji; nie mo\u017cna go te\u017c rozproszy\u0107. MG wykonuje Ruch. ", "id": "Voix de folie"}, {"name": "Magiczna intuicja ", "effect": "Posiadasz wrodzon\u0105 zdolno\u015b\u0107 widzenia aur kirlianowskich i wyczuwania obecno\u015bci magii. Za ka\u017cdym razem, gdy korzystasz z magicznej intuicji, rzu\u0107 +Dusza: ", "completesuccess": "Wybierz do trzech mo\u017cliwo\u015bci. Do dw\u00f3ch z nich mo\u017cesz zostawi\u0107 na p\u00f3\u017aniej do wykorzystania w tej scenie. ", "partialsuccess": "Wybierz do dw\u00f3ch mo\u017cliwo\u015bci. Jedn\u0105 z nich mo\u017cesz zostawi\u0107 na p\u00f3\u017aniej do wykorzystana w tej scenie. ", "failure": "Wybierz jedn\u0105 z mo\u017cliwo\u015bci. Masz r\u00f3wnie\u017c niespodziewan\u0105 wizj\u0119 lub przyci\u0105gasz uwag\u0119. MG wykonuje Ruch. ", "id": "Intuition magique"}, {"name": "Magnetyczne przyci\u0105ganie ", "effect": "Za ka\u017cdym razem, gdy przyci\u0105gasz uwag\u0119 wszystkich, rzu\u0107 +Dusza: ", "completesuccess": "Wybierz do trzech mo\u017cliwo\u015bci. Do dw\u00f3ch z nich mo\u017cesz zostawi\u0107 na p\u00f3\u017aniej do wykorzystania w tej scenie. ", "partialsuccess": "Wybierz jedn\u0105 z mo\u017cliwo\u015bci. ", "failure": "Wybierz jedn\u0105 z mo\u017cliwo\u015bci. Kto\u015b z obecnych dostaje obsesji: chce ci\u0119 mie\u0107, zatrzyma\u0107 i posiada\u0107 tylko dla siebie. MG wykonuje Ruch. ", "id": "Attraction magn\u00e9tique"}, {"name": "Marzyciel ", "effect": "Jeste\u015b utalentowanym sennym w\u0119drowcem-samoukiem. Za ka\u017cdym razem, gdy chcesz kogo\u015b spotka\u0107 we \u015anie lub dowiedzie\u0107 si\u0119 tam prawdy o czym\u015b, rzu\u0107 +Dusza: ", "completesuccess": "Spotykasz po\u017c\u0105dan\u0105 osob\u0119 lub docierasz do konkretnego miejsca we \u015anie. ", "partialsuccess": "Spotykasz po\u017c\u0105dan\u0105 osob\u0119 lub docierasz do konkretnego miejsca we \u015anie, ale jaki\u015b element uleg\u0142 zmianie albo co\u015b pod\u0105\u017cy\u0142o za tob\u0105 lub osob\u0105, kt\u00f3rej szuka\u0142e\u015b. ", "failure": "Zagubi\u0142e\u015b si\u0119 we \u015anie i nie mo\u017cesz si\u0119 zbudzi\u0107, dop\u00f3ki nie odnajdziesz drogi z powrotem. ", "id": "R\u00eaveur\u00b7euse"}, {"name": "Na\u0142o\u017cenie r\u0105k ", "effect": "Potrafisz leczy\u0107 rany innych bez u\u017cycia lek\u00f3w czy pierwszej pomocy, ale musisz przyj\u0105\u0107 obra\u017cenia na siebie lub przekaza\u0107 je innej \u017cyj\u0105cej ofierze. By przenie\u015b\u0107 Ran\u0119, musisz widzie\u0107 ofiar\u0119, ale nie musisz jej dotyka\u0107 ani uzyska\u0107 jej zgody. Przeniesiona rana jest tego samego rodzaju, stopnia i w takim samym stanie jak pierwotna. Za ka\u017cdym razem, gdy nak\u0142adasz r\u0119ce na powa\u017cnie lub krytycznie rann\u0105 osob\u0119 i modlisz si\u0119, rzu\u0107 +Dusza: ", "completesuccess": "Ca\u0142kowicie leczysz rannego, przenosz\u0105c Ran\u0119 na siebie lub wybrany cel. ", "partialsuccess": "Stabilizujesz stan rannego, przenosz\u0105c Ran\u0119 na siebie lub wybrany cel. ", "failure": "Mo\u017cesz ustabilizowa\u0107 stan rannego, ale je\u015bli to zrobisz, moc wymknie si\u0119 spod twojej kontroli. \n            \n            ", "id": "Imposition des mains"}, {"name": "Przewodnik ", "effect": "Za ka\u017cdym razem, gdy poruszasz si\u0119 mi\u0119dzy dwoma punktami w mie\u015bcie i pozwalasz si\u0119 prowadzi\u0107 swojemu szale\u0144stwu, rzu\u0107 +Dusza: ", "completesuccess": "Odkrywasz skr\u00f3t przez alejki, kt\u00f3rym docierasz do celu w kilka minut niezale\u017cnie od prawdziwej odleg\u0142o\u015bci. ", "partialsuccess": "Odkrywasz skr\u00f3t, ale znajduje si\u0119 tam r\u00f3wnie\u017c przeszkoda, kt\u00f3r\u0105 musisz pokona\u0107. ", "failure": "Odkrywasz skr\u00f3t, ale skorzystanie z niego wi\u0105\u017ce si\u0119 z niebezpiecze\u0144stwem, takim jak trafienie do le\u017ca potwora czy wpadni\u0119cie w zasadzk\u0119 gangu. MG wykonuje Ruch. ", "id": "Raccourci de Mme Todd"}, {"name": "Przyw\u00f3dca kultu ", "effect": "Za ka\u017cdym razem, gdy ty i twoi wyznawcy odprawiacie rytua\u0142, rzu\u0107 +Dusza: ", "completesuccess": "Otrzymujesz do trzech wizji, kt\u00f3re wybierasz z listy poni\u017cej. ", "partialsuccess": "Otrzymujesz do dw\u00f3ch wizji, kt\u00f3re wybierasz z listy poni\u017cej. ", "failure": "Wybierz jedn\u0105 wizj\u0119. Iluzja rozdziera si\u0119. Mo\u017cesz zosta\u0107 tymczasowo przeniesiony do innego wymiaru, przyci\u0105gn\u0105\u0107 uwag\u0119 demonicznego bytu lub ujrze\u0107 przera\u017caj\u0105cy omen. MG wykonuje Ruch. Wizje:  \u25ca Prawdziwa forma jakiej\u015b istoty.  \u25ca Portal mi\u0119dzy wymiarami.  \u25ca Wrogowie kultu.  \u25ca Zastosowanie przedmiotu. \n                    \n                \u25ca Portal mi\u0119dzy wymiarami.\u25ca Zastosowanie przedmiotu.+1 do wszystkich rzut\u00f3w przy wykonywaniu \n              \n            jego \u017cycze\u0144). ", "id": "Gourou"}, {"name": "Rozwini\u0119ta \u015bwiadomo\u015b\u0107 ", "effect": "Za ka\u017cdym razem, gdy skupisz si\u0119 w miejscu, gdzie Iluzja jest s\u0142aba, rzu\u0107 +Dusza. W razie sukcesu otrzymujesz wizje o tym miejscu i mo\u017cesz porozmawia\u0107 z bytami z nim zwi\u0105zanymi. ", "completesuccess": "Dostrzegasz wyra\u017ane szczeg\u00f3\u0142y dotycz\u0105ce tego miejsca. ", "partialsuccess": "Masz kilka og\u00f3lnych wra\u017ce\u0144 dotycz\u0105cych tego miejsca. ", "failure": "Iluzja kruszeje. Zas\u0142ona tymczasowo si\u0119 podnosi, ukazuj\u0105c jeden z wymiar\u00f3w alternatywnych \u2013 MG decyduje kt\u00f3ry. BG mo\u017ce zosta\u0107 do niego wci\u0105gni\u0119ty lub co\u015b mo\u017ce przedosta\u0107 si\u0119 do naszej rzeczywisto\u015bci. MG wykonuje Ruch. \n            ", "id": "Conscience augment\u00e9e"}, {"name": "Sz\u00f3sty zmys\u0142 ", "effect": "Posiadasz intuicyjne rozeznanie rzeczy, zar\u00f3wno z\u0142ych, jak i dobrych. Na pocz\u0105tku ka\u017cdej sesji gry rzu\u0107 +Dusza: ", "completesuccess": "Wybierz do trzech mo\u017cliwo\u015bci i u\u017cyj ich w dowolnym momencie sesji. ", "partialsuccess": "Wybierz do dw\u00f3ch mo\u017cliwo\u015bci i u\u017cyj ich w dowolnym momencie sesji. ", "failure": "Tw\u00f3j instynkt nie dzia\u0142a w niebezpiecznej sytuacji. MG wykonuje Ruch w kt\u00f3rym\u015b momencie sesji. ", "id": "Sixi\u00e8me sens"}, {"name": "Uparty ", "effect": "\n            Za ka\u017cdym razem, gdy dajesz z siebie wszystko, by pokona\u0107 zagro\u017cenie, rzu\u0107 +Dusza: ", "completesuccess": "Otrzymujesz trzy Przewagi. Mo\u017cesz wyda\u0107 je w dowolnym momencie sceny. ", "partialsuccess": "Otrzymujesz dwie Przewagi. Mo\u017cesz wyda\u0107 je w dowolnym momencie sceny. ", "failure": "Otrzymujesz jedn\u0105 Przewag\u0119, ale przekraczasz granice swojej wytrzyma\u0142o\u015bci. Zmniejsz Stabilno\u015b\u0107 (\u22122). Przewagi:  \u25ca Nie poddawaj si\u0119: Op\u00f3\u017anij dzia\u0142anie krytycznych obra\u017ce\u0144 do momentu, kiedy wymkniesz si\u0119 zagro\u017ceniu.  \u25ca Wola ponad talentem: Rzu\u0107 +Si\u0142a Woli zamiast zwyk\u0142ego Atrybutu za ka\u017cdym razem, kiedy unikasz lub walczysz z czym\u015b, co ci zagra\u017ca.  \u25ca Skup si\u0119: Wyzw\u00f3l si\u0119 spod dzia\u0142ania nadnaturalnego efektu. ", "id": "T\u00eatu\u00b7e"}, {"name": "Wewn\u0119trzna moc ", "effect": "Dysponujesz tajemnicz\u0105 moc\u0105, kt\u00f3rej do ko\u0144ca nie rozumiesz. Moc ta mo\u017ce ci\u0119 chroni\u0107, ale nie kontrolujesz jej. Za ka\u017cdym razem, gdy wyzwalasz swoj\u0105 wewn\u0119trzn\u0105 moc, rzu\u0107 +Dusza: ", "completesuccess": "Moc dosi\u0119ga wszystkich wrog\u00f3w w pobli\u017cu, zadaj\u0105c 2 punkty Obra\u017ce\u0144. ", "partialsuccess": "Moc atakuje najbli\u017cszego przeciwnika, zadaj\u0105c 2 punkty Obra\u017ce\u0144. ", "failure": "Moc dosi\u0119ga wszystkich istot \u017cyj\u0105cych, w tym ciebie, zadaj\u0105c 2 punkty Obra\u017ce\u0144. \n            ", "id": "Pouvoir int\u00e9rieur"}, {"name": "Zakazana inspiracja ", "effect": "Za ka\u017cdym razem, gdy zanurzasz si\u0119 w swojej sztuce i pozwalasz Prawdzie si\u0119 inspirowa\u0107, rzu\u0107 +Dusza: ", "completesuccess": "Wybierz dwie mo\u017cliwo\u015bci. ", "partialsuccess": "Wybierz jedn\u0105 z mo\u017cliwo\u015bci. ", "failure": "Spojrza\u0142e\u015b zbyt g\u0142\u0119boko w otch\u0142a\u0144. Wybierz jedn\u0105 z mo\u017cliwo\u015bci, ale do\u015bwiadczasz r\u00f3wnie\u017c straszliwych wizji lub spotykasz co\u015b strasznego. MG wykonuje Ruch. ", "id": "Inspiration interdite"}, {"name": "Zaklinacz w\u0119\u017cy ", "effect": "Za ka\u017cdym razem, gdy uprawiasz swoj\u0105 sztuk\u0119 dla inteligentnego, potwornego stworzenia, rzu\u0107 +Dusza, by obudzi\u0107 w nim po\u017c\u0105danie: ", "completesuccess": "W dowolnym momencie sesji mo\u017cesz wybra\u0107 do trzech mo\u017cliwo\u015bci. ", "partialsuccess": "W dowolnym momencie sesji mo\u017cesz wybra\u0107 jedn\u0105 z mo\u017cliwo\u015bci. po\u017c\u0105daniem. Nie mo\u017ce si\u0119 powstrzyma\u0107 przed pr\u00f3b\u0105 po\u017carcia lub uwi\u0119zienia ci\u0119. ", "failure": "W dowolnym momencie sesji mo\u017cesz wybra\u0107 jedn\u0105 z mo\u017cliwo\u015bci, ale ", "id": "Charmeur\u00b7euse de serpents"}, {"name": "Zara\u017aliwe szale\u0144stwo ", "effect": "Za ka\u017cdym razem, gdy pozwalasz swojemu szale\u0144stwu zarazi\u0107 kogo\u015b, z kim rozmawiasz, rzu\u0107 +Dusza: ", "completesuccess": "Wybierz dwie mo\u017cliwo\u015bci.", "partialsuccess": "Wybierz jedn\u0105 z mo\u017cliwo\u015bci.", "failure": "Zara\u017caj\u0105 ci\u0119 l\u0119ki i objawiaj\u0105 ci si\u0119 Mroczne Sekrety twojej niedosz\u0142ej ofiary. Musisz Wzi\u0105\u0107 si\u0119 w gar\u015b\u0107. ", "id": "Folie contagieuse"}, {"name": "Czujny ", "effect": "Za ka\u017cdym razem, gdy Rozeznajesz intencje, mo\u017cesz dodatkowo zada\u0107 jedno z poni\u017cszych pyta\u0144:   \u25ca Czy ukrywasz co\u015b przede mn\u0105? \u25ca Co naprawd\u0119 do mnie czujesz?", "completesuccess": "", "partialsuccess": "", "failure": "", "id": "Vigilant\u00b7e"}, {"name": "Empatyczny ", "effect": "Potrafisz wyczu\u0107 ludzkie motywy przez pod\u015bwiadome analizowanie j\u0119zyka cia\u0142a, doboru s\u0142\u00f3w i zachowania. Za ka\u017cdym razem, gdy Rozeznajesz intencje, mo\u017cesz zada\u0107 jedno dodatkowe pytanie niezale\u017cnie od wyniku rzutu.", "completesuccess": "", "partialsuccess": "", "failure": "", "id": "Intuitif\u00b7ve"}, {"name": "Zaszczepienie rozkazu ", "effect": "Za ka\u017cdym razem, gdy eksperymentujesz na cz\u0142owieku, mo\u017cesz wszczepi\u0107 mu rozkaz. Rzu\u0107 +Dusza: ", "completesuccess": "Twoja W\u0142adza nad t\u0105 osob\u0105 wynosi 2. ", "partialsuccess": "Twoja W\u0142adza nad t\u0105 osob\u0105 wynosi 1. Tak d\u0142ugo, jak masz nad t\u0105 osob\u0105 W\u0142adz\u0119, otrzymuje ona 1 Powa\u017cn\u0105 Ran\u0119, gdy odmawia wykonania twojego rozkazu lub si\u0119 mu sprzeciwia. Odmowa lub sprzeciw zmniejszaj\u0105 jednak twoj\u0105 W\u0142adz\u0119 o 1. Je\u015bli osoba wykona tw\u00f3j rozkaz, ca\u0142a twoja pozosta\u0142a W\u0142adza nad ni\u0105 znika. ", "failure": "Co\u015b idzie nie tak; na przyk\u0142ad osoba zostaje zraniona w trakcie wykonywania rozkazu lub wynik jej stara\u0144 jest inny ni\u017c oczekiwany. MG wykonuje Ruch. ", "id": "Ob\u00e9issance implant\u00e9e"}, {"name": "Zwi\u0105zany ", "effect": "Jeste\u015b zwi\u0105zany z istot\u0105 z innego \u015bwiata, z kt\u00f3rej mocy mo\u017cesz korzy- sta\u0107. Okre\u015bl, czym ona jest wed\u0142ug ciebie. Na pocz\u0105tku ka\u017cdej sesji gry, rzu\u0107 +Dusza:", "completesuccess": "W dowolnym momencie sesji mo\u017cesz wybra\u0107 do trzech mo\u017cliwo\u015bci.", "partialsuccess": "W dowolnym momencie sesji mo\u017cesz wybra\u0107 jedn\u0105 z mo\u017cliwo\u015bci.", "failure": "W dowolnym momencie sesji mo\u017cesz wybra\u0107 jedn\u0105 z mo\u017cliwo\u015bci, ale w kt\u00f3rym\u015b jej momencie MG wykona Ruch w imieniu istoty.", "id": "Li\u00e9\u00b7e"}, {"name": "Kameleon ", "effect": "Za ka\u017cdym razem, gdy przebierasz si\u0119 za kogo\u015b innego lub ukrywasz swoj\u0105 to\u017csamo\u015b\u0107, by kogo\u015b oszuka\u0107, rzu\u0107 +Intuicja: ", "completesuccess": "Twoja charakteryzacja jest przekonuj\u0105ca tak d\u0142ugo, jak d\u0142ugo pozostajesz w roli. ", "partialsuccess": "Udaje ci si\u0119 oszuka\u0107 ka\u017cdego, kto nie przyjrzy ci si\u0119 dok\u0142adnie, ale pojawia si\u0119 te\u017c jaki\u015b problem:  \u25ca Nie mo\u017cesz zbyt d\u0142ugo podtrzymywa\u0107 oszustwa. Musisz dzia\u0142a\u0107 szybko, je\u015bli nie chcesz zosta\u0107 odkryty.  \u25ca Pozostawiasz \u015blady i wskaz\u00f3wki, kt\u00f3re mog\u0105 p\u00f3\u017aniej zosta\u0107 po\u0142\u0105czone z tob\u0105. ", "failure": "Twoje przebranie dzia\u0142a tylko w pewnej odleg\u0142o\u015bci. Je\u015bli \u015bci\u0105gniesz na siebie uwag\u0119, zostaniesz odkryty. ", "id": "Cam\u00e9l\u00e9on"}, {"name": "Mimetyzm ", "effect": "Za ka\u017cdym razem, gdy usi\u0142ujesz wtopi\u0107 si\u0119 w t\u0142um poprzez przyj\u0119cie wygl\u0105du i zachowania innych, rzu\u0107 +Intuicja: ", "completesuccess": "Wybierz trzy mo\u017cliwo\u015bci. Do dw\u00f3ch z nich mo\u017cesz zostawi\u0107 do wykorzystania p\u00f3\u017aniej. ", "partialsuccess": "Wybierz dwie mo\u017cliwo\u015bci. Jedn\u0105 z nich mo\u017cesz zostawi\u0107 do wykorzystania p\u00f3\u017aniej. ", "failure": "Wybierz jedn\u0105 z mo\u017cliwo\u015bci, ale co\u015b idzie niezgodnie z planem. MG wykonuje Ruch. ", "id": "Resquilleur\u00b7euse"}, {"name": "Mistrz przes\u0142ucha\u0144 ", "effect": "Za ka\u017cdym razem, gdy Rozeznajesz intencje i wymienisz nazw\u0119, osob\u0119 lub przedmiot, mo\u017cesz zawsze zapyta\u0107: \u201eCzy k\u0142amiesz?\u201d. To pytanie nie wlicza si\u0119 do limitu, kt\u00f3ry mo\u017cesz normalnie wykorzysta\u0107. ", "completesuccess": "", "partialsuccess": "", "failure": "", "id": "On ne me la fait pas"}, {"name": "Mowa zwierz\u0105t ", "effect": "Potrafisz rozumie\u0107 i kontrolowa\u0107 zwierz\u0119ta. Za ka\u017cdym razem, gdy usi\u0142ujesz kontrolowa\u0107 zwierz\u0119, rzu\u0107 +Intuicja: ", "completesuccess": "Wybierz trzy mo\u017cliwo\u015bci. Do dw\u00f3ch z nich mo\u017cesz zachowa\u0107 do wykorzystania p\u00f3\u017aniej. ", "partialsuccess": "Wybierz dwie mo\u017cliwo\u015bci. Jedn\u0105 z nich mo\u017cesz zachowa\u0107 do wykorzystania p\u00f3\u017aniej. ", "failure": "Wybierz jedn\u0105 z mo\u017cliwo\u015bci. Twoje wspomnienia i Komplikacje wp\u0142ywaj\u0105 na zwierz\u0119. MG wykonuje Ruch. ", "id": "Ami\u00b7e des b\u00eates"}, {"name": "Podst\u0119pny ", "effect": "Za ka\u017cdym razem, gdy manipulujesz BN-em podczas d\u0142u\u017cszej rozmowy, rzu\u0107 +Intuicja: ", "completesuccess": "Wybierz do dw\u00f3ch mo\u017cliwo\u015bci. Jedn\u0105 z nich mo\u017cesz zostawi\u0107 do wykorzystania p\u00f3\u017aniej w tej scenie. ", "partialsuccess": "Wybierz jedn\u0105 z mo\u017cliwo\u015bci. ", "failure": "Druga strona co\u015b podejrzewa. MG wykonuje Ruch. ", "id": "Rus\u00e9\u00b7e"}, {"name": "Szanta\u017cysta ", "effect": "Za ka\u017cdym razem, gdy Rozeznajesz intencje, mo\u017cesz \u2013 opr\u00f3cz ze standardowych pyta\u0144 \u2013 wybra\u0107 spo\u015br\u00f3d poni\u017cszych:  \u25ca Czego si\u0119 boisz? \u25ca Co jest dla ciebie cenne? ", "completesuccess": "", "partialsuccess": "", "failure": "", "id": "Ma\u00eetre\u00b7sse chanteur\u00b7euse"}, {"name": "Uwa\u017cny ", "effect": "Za ka\u017cdym razem, gdy Rozeznajesz intencje, mo\u017cesz dodatkowo zada\u0107 jedno z poni\u017cszych pyta\u0144:  \u25ca Jak\u0105 osob\u0105 jeste\u015b? \u25ca Czy jest w tobie co\u015b dziwnego? \n            ", "completesuccess": "", "partialsuccess": "", "failure": "", "id": "Observateur\u00b7rice"}, {"name": "As w r\u0119kawie ", "effect": "Za ka\u017cdym razem, gdy kto\u015b przyprze ci\u0119 do muru lub postawi w trudnej sytuacji, rzu\u0107 +Opanowanie: ", "completesuccess": "Dostajesz dwie Przewagi. Mo\u017cesz wyda\u0107 je w dowolnym momencie sceny. ", "partialsuccess": "Zdobywasz jedn\u0105 Przewag\u0119. Mo\u017cesz wyda\u0107 j\u0105 w dowolnym momencie sceny. ", "failure": "Zdobywasz jedn\u0105 Przewag\u0119, ale sytuacja jest gorsza, ni\u017c my\u015bla\u0142e\u015b. MG wykonuje Ruch. Przewagi:  \u25ca Posiadasz niewielk\u0105, ukryt\u0105 zab\u00f3jcz\u0105 bro\u0144 (sztylet lub co\u015b podobnego), kt\u00f3rej mo\u017cesz niezauwa\u017cenie doby\u0107.  \u25ca Zdajesz sobie spraw\u0119, \u017ce tw\u00f3j przeciwnik ma s\u0142abo\u015b\u0107, kt\u00f3r\u0105 mo\u017cesz wykorzysta\u0107 (otrzymujesz +2 do nast\u0119pnego rzutu, je\u015bli dotyczy on wykorzystania tej s\u0142abo\u015bci). Zapytaj MG, na czym polega ta s\u0142abo\u015b\u0107.  \u25ca Zauwa\u017casz drog\u0119 ucieczki. Zapytaj MG jak\u0105. Otrzymujesz +2 do nast\u0119pnego rzutu, w kt\u00f3rym spr\u00f3bujesz z niej skorzysta\u0107. ", "id": "As dans la manche"}, {"name": "Boss ", "effect": "Masz na swoje us\u0142ugi od pi\u0119ciu do dziesi\u0119ciu poplecznik\u00f3w, kt\u00f3rzy s\u0105 wobec ciebie lojalni, zwykle tak d\u0142ugo, jak im p\u0142acisz. Za ka\u017cdym razem, gdy wysy\u0142asz poplecznik\u00f3w, by wykonali ryzykowne zadanie, rzu\u0107 +Opanowanie: ", "completesuccess": "Wykonuj\u0105 twoje rozkazy i wszystko idzie zgodnie z planem. ", "partialsuccess": "Wykonuj\u0105 twoje rozkazy, ale MG wybiera jedn\u0105 z mo\u017cliwo\u015bci:  \u25ca Kto\u015b wpad\u0142 w k\u0142opoty. \u25ca Zadanie nie zosta\u0142o wykonane, nale\u017cy zrobi\u0107 co\u015b jeszcze.  \u25ca W przysz\u0142o\u015bci pojawi\u0105 si\u0119 konsekwencje. ", "failure": "MG decyduje, co posz\u0142o nie tak i czy wiadomo o tym od razu, czy oka\u017ce si\u0119 to p\u00f3\u017aniej. MG wykonuje Ruch. ", "id": "Patron\u00b7ne"}, {"name": "Cichociemny ", "effect": "Za ka\u017cdym razem, gdy ukrywasz si\u0119 i usi\u0142ujesz nie \u015bci\u0105ga\u0107 na siebie uwagi, rzu\u0107 +Opanowanie: ", "completesuccess": "Wybierz dwie mo\u017cliwo\u015bci. Mo\u017cesz wykorzysta\u0107 je w dowolnym momencie sceny. ", "partialsuccess": "Wybierz jedn\u0105 z mo\u017cliwo\u015bci. Mo\u017cesz wykorzysta\u0107 j\u0105 w dowolnym momencie sceny. ", "failure": "Wybierz jedn\u0105 z mo\u017cliwo\u015bci, ale przyci\u0105gasz te\u017c czyj\u0105\u015b uwag\u0119. MG wykonuje Ruch. \n            ", "id": "Discret\u00b7e"}, {"name": "Cios w plecy ", "effect": "Za ka\u017cdym razem, gdy atakujesz kogo\u015b, kto nie jest na to przygotowany, rzu\u0107 +Opanowanie: ", "completesuccess": "Wybierz dwie mo\u017cliwo\u015bci. ", "partialsuccess": "Wybierz jedn\u0105 z mo\u017cliwo\u015bci. ", "failure": "Niechc\u0105cy si\u0119 ujawniasz, a tw\u00f3j cel mo\u017ce zareagowa\u0107 na atak normalnie. MG wykonuje Ruch. ", "id": "Attaque surprise"}, {"name": "G\u0142adka gadka ", "effect": "Za ka\u017cdym razem, gdy rozmawiasz z BN-em, by przyci\u0105gn\u0105\u0107 jego uwag\u0119, rzu\u0107 +Opanowanie: ", "completesuccess": "Wybierz dwie mo\u017cliwo\u015bci. 3 ", "partialsuccess": "Wybierz jedn\u0105 z mo\u017cliwo\u015bci. ", "failure": "Wybierz jedn\u0105 z mo\u017cliwo\u015bci, ale osoba ta staje si\u0119 podejrzliwa wobec twoich motyw\u00f3w. MG wykonuje Ruch. ", "id": "Belle\u00b7au parleur\u00b7euse"}, {"name": "Improwizator ", "effect": "Za ka\u017cdym razem, gdy usi\u0142ujesz wybrn\u0105\u0107 z niebezpiecznej sytuacji, korzystaj\u0105c z zaimprowizowanych rozwi\u0105za\u0144, rzu\u0107 +Opanowanie: ", "completesuccess": "Wybierz dwie mo\u017cliwo\u015bci. ", "partialsuccess": "Wybierz jedn\u0105 z mo\u017cliwo\u015bci. ", "failure": "Twoja improwizacja pogarsza sytuacj\u0119. MG wykonuje Ruch. ", "id": "Improvisateur\u00b7rice"}, {"name": "Kierowca ", "effect": "Jeste\u015b zawodowcem, je\u015bli chodzi o kierowanie pojazdami mechanicznymi (samochodami i motocyklami). Za ka\u017cdym razem, gdy prowadzisz pojazd pod presj\u0105 i w niebezpiecznej sytuacji, rzu\u0107 +Opanowanie: ", "completesuccess": "Otrzymujesz trzy Przewagi. Mo\u017cesz wyda\u0107 je w dowolnym momencie sceny. ", "partialsuccess": "Otrzymujesz dwie Przewagi. Mo\u017cesz wyda\u0107 je w dowolnym momencie sceny. ", "failure": "Otrzymujesz jedn\u0105 Przewag\u0119, kt\u00f3r\u0105 mo\u017cesz wyda\u0107 w dowolnym momencie sceny, ale sytuacja si\u0119 pogarsza \u2013 by\u0107 mo\u017ce przekraczasz pr\u0119dko\u015b\u0107 tu\u017c obok policyjnego radiowozu, zaczynaj\u0105 ci\u0119 \u015bciga\u0107 kolejne pojazdy lub tw\u00f3j pojazd zostaje uszkodzony lub ty \u2013 ranny. MG wykonuje Ruch. Przewagi:  \u25ca Wykonaj ryzykowny manewr, by zej\u015b\u0107 z drogi komu\u015b lub czemu\u015b.  \u25ca Zgub jeden ze \u015bcigaj\u0105cych ci\u0119 pojazd\u00f3w.  \u25ca U\u017cyj pojazdu jako broni przeciwko pieszemu (2/3/4 punkty Obra\u017ce\u0144 w zale\u017cno\u015bci od pr\u0119dko\u015bci). \u25ca Zgub jeden ze \u015bcigaj\u0105cych ci\u0119 pojazd\u00f3w.\u25ca Zepchnij inny pojazd z drogi. ", "id": "Conducteur\u00b7rice"}, {"name": "Mistrz broni ", "effect": "Jeste\u015b mistrzem walki broni\u0105 bia\u0142\u0105 lub paln\u0105. Wybierz specjalizacj\u0119: Walka broni\u0105 bia\u0142\u0105: Rzu\u0107 +Opanowanie zamiast Przemocy, by Przyst\u0105pi\u0107 do walki w zwarciu. W trakcie walki broni\u0105 bia\u0142\u0105 mo\u017cesz korzysta\u0107 tak\u017ce z poni\u017cszych atak\u00f3w:  \u25ca Wypad [2] [zasi\u0119g: pomieszczenie].  \u25ca Precyzyjny atak [2] [zasi\u0119g: rami\u0119; ignoruje pancerz]. \u25ca Precyzyjny atak [2] [zasi\u0119g: rami\u0119; ignoruje pancerz].Walka broni\u0105 paln\u0105: Rzu\u0107 +Opanowanie zamiast Przemocy, by Przyst\u0105pi\u0107 do walki podczas strzelaniny. Mo\u017cesz tak\u017ce korzysta\u0107 z poni\u017cszych atak\u00f3w:  \u25ca Dwa strza\u0142y w pier\u015b i jeden w g\u0142ow\u0119 [4] [zasi\u0119g: pomieszczenie; \u22122 jednostki amunicji].  \u25ca Rozbrojenie [1] [zasi\u0119g: pomieszczenie; \u22121 jednostka amunicji, cel musi Dzia\u0142a\u0107 pod presj\u0105]. ", "completesuccess": "", "partialsuccess": "", "failure": "", "id": "Ma\u00eetre\u00b7sse d\u2019armes"}, {"name": "Mistrz ucieczek ", "effect": "Jeste\u015b mistrzem w ulatnianiu si\u0119, kiedy szambo wybija. Za ka\u017cdym razem, gdy potrzebujesz wymkn\u0105\u0107 si\u0119 w niebezpiecznej sytuacji, nakre\u015bl sw\u00f3j plan i rzu\u0107 +Opanowanie: ", "completesuccess": "Wymykasz si\u0119 bez trudno\u015bci. ", "partialsuccess": "Mo\u017cesz pozosta\u0107 albo uciec i ponie\u015b\u0107 jak\u0105\u015b cen\u0119, na przyk\u0142ad pozostawi\u0107 co\u015b wa\u017cnego lub zabra\u0107 ze sob\u0105 co\u015b, co pozwoli ci\u0119 wy\u015bledzi\u0107. MG decyduje, na czym dok\u0142adnie polega owa \u201ecena\u201d. ", "failure": "Ju\u017c prawie uciek\u0142e\u015b, ale nagle wpadasz w du\u017ce k\u0142opoty. MG wykonuje Ruch. ", "id": "Roi\u00b7Reine de l\u2019\u00e9vasion"}, {"name": "Parkour ", "effect": "\u015awietnie biegasz i skaczesz, nawet w trudnym terenie. Za ka\u017cdym razem, gdy korzystasz z manewr\u00f3w akrobatycznych, rzu\u0107 +Opanowanie: ", "completesuccess": "Wybierz dwie mo\u017cliwo\u015bci. Jedn\u0105 mo\u017cesz wykorzysta\u0107 p\u00f3\u017aniej. ", "partialsuccess": "Wybierz jedn\u0105 z mo\u017cliwo\u015bci. ", "failure": "Wybierz jedn\u0105 z mo\u017cliwo\u015bci, ale pojawia si\u0119 te\u017c jakie\u015b utrudnienie, nowe zagro\u017cenie lub trzeba ponie\u015b\u0107 jak\u0105\u015b cen\u0119. MG wykonuje Ruch. ", "id": "Parkour"}, {"name": "W\u0142amywacz ", "effect": "Za ka\u017cdym razem, gdy korzystasz ze swojego do\u015bwiadczenia we w\u0142amaniach, rzu\u0107 +Opanowanie: ", "completesuccess": "Wybierz trzy mo\u017cliwo\u015bci. Mo\u017cesz wykorzysta\u0107 je w dowolnym momencie sceny. ", "partialsuccess": "Wybierz dwie mo\u017cliwo\u015bci. Mo\u017cesz wykorzysta\u0107 je w dowolnym momencie sceny. ", "failure": "Wybierz jedn\u0105 z mo\u017cliwo\u015bci. Pojawia si\u0119 jaki\u015b problem. MG wykonuje Ruch. ", "id": "Voleur\u00b7euse"}, {"name": "Zimna krew ", "effect": "Zachowujesz spok\u00f3j nawet w obliczu przemocy i chaosu. Za ka\u017cdym razem, gdy uczestniczysz w walce, rzu\u0107 +Opanowanie: ", "completesuccess": "Otrzymujesz trzy Przewagi. Mo\u017cesz wyda\u0107 je w dowolnym momencie sceny. ", "partialsuccess": "Otrzymujesz dwie Przewagi. mo\u017cesz wyda\u0107 je w dowolnym momencie sceny. ", "failure": "Otrzymujesz jedn\u0105 Przewag\u0119, ale przyci\u0105gasz uwag\u0119 wrog\u00f3w. MG wykonuje Ruch. Przewagi:  \u25ca Uniknij ataku. \u25ca Z\u0142ap co\u015b lub zw\u0119d\u017a. \n             \u25ca Zajmij lepsz\u0105 pozycj\u0119. \u25ca Wmanewruj kogo\u015b w trudne po\u0142o\u017cenie (wszyscy otrzymuj\u0105 +2 do Ruch\u00f3w zwi\u0105zanych z atakiem). ", "id": "Glace dans les veines"}, {"name": "Bez \u015bladu ", "effect": "Za ka\u017cdym razem, gdy zabi\u0142e\u015b kogo\u015b w tajemnicy i opuszczasz miejsce zbrodni, rzu\u0107 +Percepcja: ", "completesuccess": "Mo\u017cesz wykorzysta\u0107 wszystkie trzy poni\u017csze mo\u017cliwo\u015bci. ", "partialsuccess": "Wybierz dwie z poni\u017cszych mo\u017cliwo\u015bci. ", "failure": "Wybierz jedn\u0105 z mo\u017cliwo\u015bci. Ryzykujesz odkrycie lub mierzysz si\u0119 z niespodziewan\u0105 przeszkod\u0105. MG wykonuje Ruch. ", "id": "Strat\u00e9gie de sortie"}, {"name": "Bystrooki ", "effect": "Za ka\u017cdym razem, gdy Analizujesz sytuacj\u0119, mo\u017cesz \u2013 opr\u00f3cz ze standardowych pyta\u0144 \u2013 wybra\u0107 spo\u015br\u00f3d poni\u017cszych:  \u25ca Jak\u0105 dana osoba ma s\u0142abo\u015b\u0107, kt\u00f3r\u0105 mog\u0119 wykorzysta\u0107? \u25ca Jakie dana osoba ma mocne strony, na kt\u00f3re musz\u0119 uwa\u017ca\u0107? ", "completesuccess": "", "partialsuccess": "", "failure": "", "id": "\u0152il de lynx"}, {"name": "Cie\u0144 ", "effect": "Kiedy kogo\u015b \u015bledzisz, rzu\u0107 +Percepcja: ", "completesuccess": "Gubisz tych, kt\u00f3rzy ci\u0119 \u015bledz\u0105, i mo\u017cesz teraz zacz\u0105\u0107 ich \u015bledzi\u0107. ", "partialsuccess": "Gubisz tych, kt\u00f3rzy ci\u0119 \u015bledz\u0105. ", "failure": "Nie udaje ci si\u0119 zgubi\u0107 ogona; co wi\u0119cej, twoi prze\u015bladowcy mog\u0105 zastawi\u0107 na ciebie zasadzk\u0119, znikn\u0105\u0107 bez \u015bladu (by pojawi\u0107 si\u0119 zn\u00f3w w najmniej oczekiwanym momencie) lub odm\u00f3wi\u0107 odej\u015bcia. MG wykonuje Ruch. ", "id": "Filature"}, {"name": "Dost\u0119p do Darknetu ", "effect": "Za ka\u017cdym razem, gdy przeszukujesz Darknet w poszukiwaniu informacji, rzadkich przedmiot\u00f3w lub mit\u00f3w, rzu\u0107 +Percepcja: ", "completesuccess": "Znajdujesz to, czego szukasz, mo\u017cesz te\u017c wybra\u0107 jedn\u0105 z mo\u017cliwo\u015bci:  \u25ca Odkrywasz portal do innego wymiaru i \u015bcie\u017ck\u0119, po kt\u00f3rej mo\u017cesz do niego wr\u00f3ci\u0107 p\u00f3\u017aniej.  \u25ca Kontaktujesz si\u0119 z kim\u015b \u2013 lub czym\u015b \u2013 kto za odpowiedni\u0105 cen\u0119 mo\u017ce ci pom\u00f3c.  \u25ca Znajdujesz co\u015b cennego lub istotnego opr\u00f3cz tego, czego szuka\u0142e\u015b. MG powie ci, co to jest. ", "partialsuccess": "Znajdujesz to, czego szukasz, ale napotykasz r\u00f3wnie\u017c na co\u015b odra\u017caj\u0105cego lub strasznego. Musisz Wzi\u0105\u0107 si\u0119 w gar\u015b\u0107, by ustali\u0107, jak to na ciebie wp\u0142ywa. ", "failure": "Znajdujesz to, czego szukasz, ale napotykasz tak\u017ce co\u015b bardzo gro\u017anego. Mo\u017ce usi\u0142owa\u0107 si\u0119 z tob\u0105 zwi\u0105za\u0107 lub pod\u0105\u017cy\u0107 za tob\u0105 z powrotem do rzeczywisto\u015bci. MG wykonuje Ruch. ", "id": "Acc\u00e8s au dark web"}, {"name": "Drobiazgowy ", "effect": "Za ka\u017cdym razem, gdy mia\u0142e\u015b okazj\u0119 przygl\u0105da\u0107 si\u0119 komu\u015b przez jaki\u015b czas, rzu\u0107 +Percepcja: ", "completesuccess": "Zadaj trzy pytania z listy poni\u017cej. ", "partialsuccess": "Zadaj dwa pytania z listy poni\u017cej. ", "failure": "Zadaj jedno pytanie z listy poni\u017cej, ale osoba, kt\u00f3r\u0105 obserwujesz, dostrzega twoje zainteresowanie. MG wykonuje Ruch. ", "id": "Attentif\u00b7ve aux d\u00e9tails"}, {"name": "Instynkt ", "effect": "Za ka\u017cdym razem, gdy Analizujesz sytuacj\u0119 i dzia\u0142asz w zwi\u0105zku z odpowiedziami MG, otrzymujesz +2 zamiast +1 do rzutu. \n            ", "completesuccess": "", "partialsuccess": "", "failure": "", "id": "Instinct"}, {"name": "\u0141owca ", "effect": "Za ka\u017cdym razem, gdy polujesz na co\u015b lub kogo\u015b, rzu\u0107 +Percepcja: ", "completesuccess": "Wybierz trzy mo\u017cliwo\u015bci. Mo\u017cesz u\u017cy\u0107 ich w dowolnym momencie tej sceny. ", "partialsuccess": "Wybierz dwie mo\u017cliwo\u015bci. Mo\u017cesz u\u017cy\u0107 ich w dowolnym momencie tej sceny. ", "failure": "Wybierz jedn\u0105 z mo\u017cliwo\u015bci, ale teraz to ty jeste\u015b zwierzyn\u0105. MG wykonuje Ruch. ", "id": "Chasseur\u00b7euse"}, {"name": "Ryzykant ", "effect": "Za ka\u017cdym razem, gdy znajdziesz si\u0119 w niebezpiecznej sytuacji, rzu\u0107 +Percepcja: ", "completesuccess": "Wybierz trzy Przewagi. Mo\u017cesz wyda\u0107 je w dowolnym momencie sceny. ", "partialsuccess": "Wybierz dwie Przewagi. Mo\u017cesz wyda\u0107 je w dowolnym momencie sceny. ", "failure": "Wybierz jedn\u0105 Przewag\u0119, ale tym razem przesadzi\u0142e\u015b. MG wykonuje Ruch. Przewagi:  \u25ca Miej oczy otwarte: Odkryj zagro\u017cenie, zanim ono odkryje ciebie. \n                     \u25ca Zejd\u017a z drogi: Uniknij ataku. \n                \n              \n            \u25ca Zejd\u017a z drogi: Uniknij ataku.nicy zd\u0105\u017c\u0105 zareagowa\u0107. ", "id": "T\u00eate br\u00fbl\u00e9e"}, {"name": "Sztuka przetrwania ", "effect": "Za ka\u017cdym razem, gdy korzystasz z umiej\u0119tno\u015bci przetrwania, rzu\u0107 +Percepcja: ", "completesuccess": "Wybierz do trzech mo\u017cliwo\u015bci i u\u017cyj ich, dop\u00f3ki trwa dana sytuacja. ", "partialsuccess": "Wybierz do dw\u00f3ch mo\u017cliwo\u015bci i u\u017cyj ich, dop\u00f3ki trwa dana sytuacja. ", "failure": "Wybierz jedn\u0105 z mo\u017cliwo\u015bci i u\u017cyj jej, dop\u00f3ki trwa dana sytuacja. Przeoczy\u0142e\u015b jednak co\u015b wa\u017cnego. MG wykonuje Ruch. ", "id": "Survivaliste"}, {"name": "\u015awiadomo\u015b\u0107 cia\u0142a ", "effect": "Twoje cia\u0142o i umys\u0142 s\u0105 niczym jedno. Za ka\u017cdym razem, gdy wykonujesz akrobacje lub popisy zr\u0119czno\u015bci, rzu\u0107 +Percepcja: ", "completesuccess": "Wybierz jedn\u0105 z mo\u017cliwo\u015bci. ", "partialsuccess": "Wybierz jedn\u0105 z mo\u017cliwo\u015bci, ale wystawiasz si\u0119 na zagro\u017cenie lub musisz ponie\u015b\u0107 jak\u0105\u015b cen\u0119. ", "failure": "Wybierz jedn\u0105 z mo\u017cliwo\u015bci, ale co\u015b idzie bardzo nie tak. MG wykonuje Ruch. ", "id": "Conscience de soi"}, {"name": "W\u0119drowiec ", "effect": "\n            Za ka\u017cdym razem, gdy wyruszasz do innej spo\u0142eczno\u015bci lub innej cz\u0119\u015bci miasta, rzu\u0107 +Percepcja: ", "completesuccess": "By\u0142e\u015b tu ju\u017c kiedy\u015b. Wybierz dwie mo\u017cliwo\u015bci w dowolnym momencie wizyty. ", "partialsuccess": "S\u0142ysza\u0142e\u015b o tym miejscu. Wybierz jedn\u0105 z mo\u017cliwo\u015bci w dowolnym momencie wizyty. ", "failure": "By\u0142e\u015b tu ju\u017c kiedy\u015b, ale wydarzy\u0142o si\u0119 co\u015b z\u0142ego. Wybierz jedn\u0105 z mo\u017cliwo\u015bci w dowolnym momencie wizyty. MG wyja\u015bnia, jaki problem tu na ciebie czeka, i wykonuje Ruch. \n            ", "id": "Voyageur\u00b7euse"}, {"name": "Zasi\u0119gni\u0119cie j\u0119zyka ", "effect": "Za ka\u017cdym razem, gdy poruszasz si\u0119 w niewielkim t\u0142umie, by pozyska\u0107 informacje, rzu\u0107 +Percepcja. Przyk\u0142ady \u201eniewielkiego t\u0142umu\u201d obejmuj\u0105 przyj\u0119cie, bar/restauracj\u0119 czy biuro. Ty decydujesz, jakiej konkretnie informacji szukasz, ale posiadanie jej przez cz\u0142onk\u00f3w danego t\u0142umu musi mie\u0107 sens. ", "completesuccess": "Zadaj trzy pytania. ", "partialsuccess": "Zadaj dwa pytania. Przyci\u0105gasz niechcian\u0105 uwag\u0119. ", "failure": "Zadaj jedno pytanie. Zosta\u0142e\u015b odkryty. Ci, kt\u00f3rzy maj\u0105 to, czego szukasz, b\u0119d\u0105 ci\u0119 oczekiwa\u0107. MG wykonuje Ruch. ", "id": "Lire la foule"}, {"name": "Agent terenowy ", "effect": "Zosta\u0142e\u015b przeszkolony przez agencj\u0119 wywiadu do walki w terenie. Za ka\u017cdym razem, gdy wkraczasz do walki, rzu\u0107 +Przemoc: ", "completesuccess": "Otrzymujesz trzy Przewagi. Mo\u017cesz wyda\u0107 je w dowolnym momencie tej sceny. ", "partialsuccess": "Otrzymujesz dwie Przewagi. Mo\u017cesz wyda\u0107 je w dowolnym momencie tej sceny. ", "failure": "Otrzymujesz jedn\u0105 Przewag\u0119, ale podj\u0105\u0142e\u015b jak\u0105\u015b z\u0142\u0105 decyzj\u0119. MG wykonuje Ruch. Przewagi:  \u25ca Kryj si\u0119: Uniknij ataku dystansowego dzi\u0119ki schowaniu si\u0119 za przedmiotem lub osob\u0105.  \u25ca Chwyt: Za\u0142\u00f3\u017c przeciwnikowi (cz\u0142owiekowi) chwyt, z kt\u00f3rego nie mo\u017ce si\u0119 wyrwa\u0107, o ile nie przyjmie 1 punktu Obra\u017ce\u0144.  \u25ca Rozbrojenie: Pozbaw przeciwnika broni w walce wr\u0119cz. \u25ca Improwizowana bro\u0144: Wykonaj \u015bmierciono\u015bny atak w walce w zwarciu przy u\u017cyciu niewinnie wygl\u0105daj\u0105cego przedmiotu (atak z zaskoczenia [2] [zasi\u0119g: rami\u0119]). ", "id": "Agent\u00b7e de terrain"}, {"name": "Berserk ", "effect": "Za ka\u017cdym razem, gdy walczysz bez ogl\u0105dania si\u0119 na w\u0142asne bezpiecze\u0144stwo, rzu\u0107 +Przemoc: ", "completesuccess": "Otrzymujesz trzy Przewagi. Mo\u017cesz wyda\u0107 je w dowolnym momencie tej sceny. ", "partialsuccess": "Otrzymujesz dwie Przewagi. Mo\u017cesz wyda\u0107 je w dowolnym momencie tej sceny. ", "failure": "Otrzymujesz jedn\u0105 Przewag\u0119, ale p\u00f3\u017aniej odkrywasz, \u017ce zosta\u0142e\u015b ranny, cho\u0107 tego nie zauwa\u017cy\u0142e\u015b (Znie\u015b Obra\u017cenia; MG okre\u015bla liczb\u0119 Obra\u017ce\u0144 w oparciu o to, kto i jak ci\u0119 zaatakowa\u0142). Przewagi:  \u25ca Rozochocony: Przyst\u0105p do walki z dodatkowym przeciwnikiem.  \u25ca Zawzi\u0119ty: Zadaj +2 punkty Obra\u017ce\u0144 jednym atakiem.  \u25ca Rozszala\u0142y: Znajd\u017a si\u0119 w odleg\u0142o\u015bci pozwalaj\u0105cej na atak. \u25ca Zawzi\u0119ty: Zadaj +2 punkty Obra\u017ce\u0144 jednym atakiem.\u25ca Nieostro\u017cny: Przera\u017a przeciwnik\u00f3w, kpi\u0105c sobie ze \u015bmierci (+1 do wszystkich test\u00f3w podczas walki). ", "id": "Pulsion de mort"}, {"name": "Bezwzgl\u0119dny ", "effect": "Za ka\u017cdym razem, gdy po\u015bwi\u0119casz kogo\u015b innego, by ocali\u0107 w\u0142asn\u0105 sk\u00f3r\u0119, rzu\u0107 +Przemoc: ", "completesuccess": "Otrzymujesz trzy Przewagi. Mo\u017cesz wyda\u0107 je w dowolnym momencie tej sceny. ", "partialsuccess": "Otrzymujesz dwie Przewagi. ", "failure": "Wydarzenia przybieraj\u0105 dla ciebie z\u0142y obr\u00f3t. MG wykonuje Ruch. Przewagi:  \u25ca Ludzka tarcza: Zmu\u015b kogo\u015b do przyj\u0119cia za ciebie wszystkich punkt\u00f3w Obra\u017ce\u0144 z jednego ataku.  \u25ca Przyn\u0119ta: Wystaw kogo\u015b na zagro\u017cenie, by oflankowa\u0107 przeciwnika (zadajesz +1 punkt Obra\u017ce\u0144). \u25ca Przyn\u0119ta: Wystaw kogo\u015b na zagro\u017cenie, by oflankowa\u0107 przeciw-\n                ", "id": "Impitoyable"}, {"name": "Drab ", "effect": "Za ka\u017cdym razem, gdy komu\u015b grozisz \u2013 po\u015brednio lub bezpo\u015brednio \u2013 w wiarygodny spos\u00f3b, rzu\u0107 +Przemoc: ", "completesuccess": "Dana osoba musi zdecydowa\u0107, czy zrobi\u0107, co ka\u017cesz, czy sprzeciwi\u0107 si\u0119, wiedz\u0105c, \u017ce mo\u017cesz zrealizowa\u0107 gro\u017ab\u0119. ", "partialsuccess": "Musisz da\u0107 jej trzecie wyj\u015bcie. Wybierz jedno:  \u25ca Oferuje ci co\u015b, czego wed\u0142ug niej chcesz bardziej ni\u017c tego, czego \u017c\u0105dasz.  \u25ca Wycofuje si\u0119 ze sceny. \u25ca Jest przera\u017cona. Otrzymujesz +1 do wszystkich rzut\u00f3w przeciw niej, dop\u00f3ki nie udowodni, \u017ce si\u0119 ciebie nie boi.  \u25ca Atakuje ci\u0119 z niekorzystnej pozycji. Otrzymujesz +2 do Ruchu Przyst\u0105p do walki, je\u015bli podejmujesz walk\u0119. ", "failure": "Okazuje si\u0119, \u017ce nie masz takiej przewagi, jak\u0105 zak\u0142ada\u0142e\u015b. MG wykonuje Ruch. ", "id": "Racketteur\u00b7euse"}, {"name": "Herszt gangu ", "effect": "Jeste\u015b szefem niewielkiego gangu. Za ka\u017cdym razem, gdy wydajesz swoim gangsterom rozkazy, kt\u00f3re s\u0105 ryzykowne lub kt\u00f3rych wykonanie mo\u017ce ich wiele kosztowa\u0107, rzu\u0107 +Przemoc: ", "completesuccess": "Wykonuj\u0105 twoje rozkazy bez szemrania. ", "partialsuccess": "Robi\u0105 to, czego chcesz, ale sprawy si\u0119 gmatwaj\u0105 (wybierz jedn\u0105 z mo\u017cliwo\u015bci):  \u25ca Jeden z nich sprzeciwia ci si\u0119 na oczach innych.  \u25ca Wszyscy cz\u0142onkowie gangu b\u0119d\u0105 przez jaki\u015b czas niezadowoleni. ", "failure": "Pojawiaj\u0105 si\u0119 problemy. By\u0107 mo\u017ce co\u015b idzie nie tak podczas wykonywania twoich rozkaz\u00f3w albo te\u017c cz\u0142onkowie w\u0105tpi\u0105 w twoje zdolno\u015bci przyw\u00f3dcze. MG wykonuje Ruch. ", "id": "Chef\u00b7fe de gang"}, {"name": "Instynkt przetrwania ", "effect": "Za ka\u017cdym razem, gdy otrzymujesz powa\u017cne lub krytyczne obra\u017cenia, ale nie poddajesz si\u0119, rzu\u0107 +Przemoc. W przypadku sukcesu mo\u017cesz tymczasowo zignorowa\u0107 efekty ran, ale b\u0119dziesz potrzebowa\u0142 leczenia, jak tylko up\u0142ynie limit czasu: ", "completesuccess": "Ignorujesz swoje rany do ko\u0144ca konfliktu, wybierz te\u017c jedn\u0105 z poni\u017cszych mo\u017cliwo\u015bci:  \u25ca Zawzi\u0119to\u015b\u0107: +1 do Ruchu Przyst\u0105p do walki na czas potyczki. \u25ca Skok adrenaliny: +1 do Ruchu Znie\u015b Obra\u017cenia na czas walki. ", "partialsuccess": "Ignorujesz efekty ran do ko\u0144ca konfliktu. ", "failure": "Przeci\u0105\u017casz si\u0119 i po kilku chwilach twoje rany sprawiaj\u0105, \u017ce upadasz i tracisz przytomno\u015b\u0107. Po twojej nast\u0119pnej akcji MG decyduje, kiedy i w jaki spos\u00f3b to si\u0119 dzieje. ", "id": "Instinct de survie"}, {"name": "Mistrz sztuk walki ", "effect": "Za ka\u017cdym razem, gdy walczysz w zwarciu, rzu\u0107 +Przemoc: ", "completesuccess": "Otrzymujesz dwie Przewagi. Mo\u017cesz wyda\u0107 je w dowolnym momencie tej sceny. ", "partialsuccess": "Otrzymujesz jedn\u0105 Przewag\u0119. ", "failure": "Otrzymujesz jedn\u0105 Przewag\u0119, ale nie doceniasz przeciwnik\u00f3w; mo\u017ce ich by\u0107 wi\u0119cej lub mog\u0105 by\u0107 lepiej wyszkoleni, ni\u017c pocz\u0105tkowo zak\u0142ada\u0142e\u015b. MG wykonuje Ruch. Przewagi:  \u25ca Blok: Uniknij ataku wr\u0119cz.  \u25ca Wiruj\u0105cy cios: Przyst\u0105p do walki z kilkoma przeciwnikami, kt\u00f3rzy ci\u0119 otaczaj\u0105; potraktuj to jako jeden atak.  \u25ca Rozbrojenie: Pozbaw przeciwnika broni. \u25ca Wiruj\u0105cy cios: Przyst\u0105p do walki z kilkoma przeciwnikami,\u25ca Rzut: Przemie\u015b\u0107 przeciwnika lub powal go na ziemi\u0119. ", "id": "Expert\u00b7e en arts martiaux"}, {"name": "Oficer ", "effect": "Za ka\u017cdym razem, gdy uczestniczysz w walce wraz z przynajmniej jednym sprzymierze\u0144cem, rzu\u0107 +Przemoc: ", "completesuccess": "Otrzymujesz trzy Przewagi. Mo\u017cesz wyda\u0107 je w dowolnym momencie tej sceny. ", "partialsuccess": "Otrzymujesz dwie Przewagi. Mo\u017cesz wyda\u0107 je w dowolnym momencie tej sceny. ", "failure": "B\u0142\u0119dnie oceniasz sytuacj\u0119. Zdecyduj, czy w niebezpiecze\u0144stwie znalaz\u0142e\u015b si\u0119 ty, czy jeden z twoich sojusznik\u00f3w. MG wykonuje Ruch w imieniu przeciwnika. Przewagi:  \u25ca Atak! Jeden ze sprzymierze\u0144c\u00f3w otrzymuje +2 do nast\u0119pnego Ruchu Przyst\u0105p do walki. \n                 \u25ca Skoordynowany ogie\u0144! Wszyscy sprzymierze\u0144cy otrzymuj\u0105 +1 do Ruchu Przyst\u0105p do walki przy u\u017cyciu broni palnej.  \u25ca Celowa\u0107 w g\u0142ow\u0119! Ty lub jeden z twoich sprzymierze\u0144c\u00f3w zadajecie +1 punkt Obra\u017ce\u0144, gdy Przyst\u0119pujecie do walki. \u25ca Celowa\u0107 w g\u0142ow\u0119! Ty lub jeden z twoich sprzymierze\u0144c\u00f3w zada-punkty Pancerza przeciwko atakowi dystansowemu. ", "id": "Officier\u00b7\u00e8re"}, {"name": "Przera\u017caj\u0105cy ", "effect": "Jest w tobie co\u015b, co karze innym instynktownie si\u0119 ciebie ba\u0107. Za ka\u017cdym razem, gdy usi\u0142ujesz przestraszy\u0107 inn\u0105 osob\u0119, rzu\u0107 +Przemoc: ", "completesuccess": "Dana osoba poddaje si\u0119 strachowi i spe\u0142nia twoje \u017c\u0105dania. ", "partialsuccess": "Dana osoba ucieka przed tob\u0105 lub poddaje ci si\u0119. Wyb\u00f3r nale\u017cy do MG. ", "failure": "Dana osoba uznaje ci\u0119 za g\u0142\u00f3wne zagro\u017cenie i dzia\u0142a zgodnie z tym wnioskiem. MG wykonuje Ruch w jej imieniu. ", "id": "Intimidant\u00b7e"}, {"name": "Snajper ", "effect": "Za ka\u017cdym razem, gdy strzelasz do odleg\u0142ego celu przy u\u017cyciu karabinu z lunet\u0105, rzu\u0107 +Przemoc: ", "completesuccess": "Strzelasz celnie. Wybierz dwie mo\u017cliwo\u015bci. ", "partialsuccess": "Strzelasz celnie. Wybierz jedn\u0105 z mo\u017cliwo\u015bci. ", "failure": "Kula nie trafi\u0142a tam, gdzie chcia\u0142e\u015b, lub ujawni\u0142e\u015b przeciwnikowi swoj\u0105 pozycj\u0119. Spodziewaj si\u0119 \u015bwiadk\u00f3w, po\u015bcigu ze strony przeciwnik\u00f3w w czasie ucieczki lub innych problem\u00f3w. MG wykonuje Ruch. ", "id": "Sniper"}, {"name": "Szybki jak b\u0142yskawica ", "effect": "Za ka\u017cdym razem, gdy niezwykle szybko poruszasz si\u0119 w walce, rzu\u0107 +Przemoc: ", "completesuccess": "Otrzymujesz trzy Przewagi. Mo\u017cesz wyda\u0107 je w dowolnym momencie tej sceny. ", "partialsuccess": "Otrzymujesz dwie Przewagi. Mo\u017cesz wyda\u0107 je w dowolnym momencie tej sceny. ", "failure": "Otrzymujesz jedn\u0105 Przewag\u0119, ale l\u0105dujesz na gorszej pozycji lub mierzysz si\u0119 z nieoczekiwanym oporem. MG wykonuje Ruch. Przewagi:  \u25ca Unik: Uniknij ataku. \u25ca Zawrotna pr\u0119dko\u015b\u0107: Przyst\u0105p do walki z ka\u017cdym przeciwnikiem w zasi\u0119gu twojej broni, traktuj\u0105c to jako jeden atak. Je\u015bli u\u017cywasz broni palnej, zu\u017cywasz ca\u0142\u0105 amunicj\u0119.  \u25ca Niezwyk\u0142a precyzja: traf przeciwnika w czu\u0142y punkt. Zadajesz +1 punkt Obra\u017ce\u0144. ", "id": "Rapide comme l\u2019\u00e9clair"}, {"name": "Uliczny wojownik ", "effect": "Za ka\u017cdym razem, gdy walczysz w zwarciu, rzu\u0107 +Przemoc: ", "completesuccess": "Otrzymujesz trzy Przewagi. Mo\u017cesz wyda\u0107 je w dowolnym momencie tej sceny. 3 ", "partialsuccess": "Otrzymujesz dwie Przewagi, ale MG mo\u017ce r\u00f3wnie\u017c wybra\u0107 jeden problem:  \u25ca Ryzykujesz utrat\u0119 kontroli podczas walki (We\u017a si\u0119 w gar\u015b\u0107, by temu zapobiec).  \u25ca Zyskujesz wroga, kt\u00f3ry b\u0119dzie chcia\u0142 zem\u015bci\u0107 si\u0119 p\u00f3\u017aniej. ", "failure": "Jeste\u015b rozproszony i tracisz kontrol\u0119. MG wykonuje Ruch. Przewagi:  \u25ca Unik: Unikasz ataku.  \u25ca Grad cios\u00f3w: Otrzymujesz +2 do nast\u0119pnego rzutu, w kt\u00f3rym zaatakujesz przeciwnika. \u25ca Grad cios\u00f3w: Otrzymujesz +2 do nast\u0119pnego rzutu, w kt\u00f3rym zaata-uderzenie, np. w oko, krocze czy ucho... \n            ", "id": "Combat de rue"}, {"name": "Zab\u00f3jcze spojrzenie ", "effect": "Za ka\u017cdym razem, gdy znajdziesz si\u0119 w napi\u0119tej sytuacji, rzu\u0107 +Przemoc: ", "completesuccess": "Patrzysz BN-owi w oczy i sprawiasz, \u017ce zamiera w bezruchu i nie jest w stanie nic zrobi\u0107, dop\u00f3ki nie przerwiesz kontaktu wzrokowego. Otrzymujesz te\u017c +2 do wszystkich test\u00f3w przeciw niemu. ", "partialsuccess": "Patrzysz BN-owi w oczy i sprawiasz, \u017ce zamiera w bezruchu i nie jest w stanie nic zrobi\u0107, dop\u00f3ki nie przerwiesz kontaktu wzrokowego. ", "failure": "Twoi przeciwnicy postrzegaj\u0105 ci\u0119 jako g\u0142\u00f3wne zagro\u017cenie. ", "id": "Regard de tueur\u00b7euse"}, {"name": "Analityk ", "effect": "Za ka\u017cdym razem, wykonujesz Ruch Zbadaj, mo\u017cesz wybra\u0107 tak\u017ce spo\u015br\u00f3d poni\u017cszych dodatkowych pyta\u0144:  \u25ca Jakie organizacje, grupy lub ludzie mog\u0105 by\u0107 z tym zwi\u0105zani?  \u25ca Czy jest zwi\u0105zek mi\u0119dzy tym a innym zdarzeniem?  \u25ca Jaki by\u0142by prawdopodobny motyw? ", "completesuccess": "", "partialsuccess": "", "failure": "", "id": "Analyste"}, {"name": "Bystrzak ", "effect": "Za ka\u017cdym razem, gdy rozpoczynasz niebezpieczn\u0105 misj\u0119, rzu\u0107 +Rozum: ", "completesuccess": "W dowolnym momencie misji wybierz do trzech mo\u017cliwo\u015bci. ", "partialsuccess": "W dowolnym momencie misji wybierz do dw\u00f3ch mo\u017cliwo\u015bci. ", "failure": "W dowolnym momencie misji wybierz jedn\u0105 \n                    \n                z mo\u017cliwo\u015bci. Czego\u015b jednak nie wzi\u0105\u0142e\u015b pod \n              uwag\u0119. MG wykonuje Ruch. \n            ", "id": "Jamais au d\u00e9pourvu"}, {"name": "Ekspert ", "effect": "Jeste\u015b ekspertem w pewnych dziedzinach wiedzy. Za ka\u017cdym razem, gdy Badasz co\u015b zwi\u0105zanego z jedn\u0105 z wybranych przez ciebie dziedzin, mo\u017cesz zada\u0107 jedno (dowolne) dodatkowe pytanie niezale\u017cnie od wyniku rzutu. Wybierz dwa obszary specjalizacji:  \u25ca archeologia  \u25ca ekonomia  \u25ca historia \u25ca ekonomia\u25ca komparatystyka ", "completesuccess": "", "partialsuccess": "", "failure": "", "id": "Expert\u00b7e"}, {"name": "Haker ", "effect": "\n            Za ka\u017cdym razem, gdy grzebiesz w sieciach elektronicznych w poszukiwaniu zastrze\u017conych informacji, pirackich program\u00f3w lub w celu wy\u0142\u0105czenia system\u00f3w bezpiecze\u0144stwa, rzu\u0107 +Rozum: ", "completesuccess": "Bez problemu osi\u0105gasz sw\u00f3j cel. ", "partialsuccess": "Pojawiaj\u0105 si\u0119 utrudnienia. Wybierz jedn\u0105 z mo\u017cliwo\u015bci:  \u25ca Kto\u015b odkrywa tw\u00f3j w\u0142am. Mo\u017cesz kontynuowa\u0107, ale b\u0119dzie to ryzykowane; mo\u017cesz te\u017c p\u00f3j\u015b\u0107 na ust\u0119pstwo i osi\u0105gn\u0105\u0107 mniej, ni\u017c zamierza\u0142e\u015b.  \u25ca Zostawiasz za sob\u0105 \u015blady. ", "failure": "Nie zdajesz sobie z tego sprawy, ale twoje dzia\u0142ania nie zako\u0144czy\u0142y si\u0119 zgodnie z planem. By\u0107 mo\u017ce nie posz\u0142o ci tak dobrze, jak zak\u0142ada\u0142e\u015b, a mo\u017ce osobi\u015bci wrogowie, str\u00f3\u017ce prawa albo co\u015b innego, co czai si\u0119 w sieci, wpadli na tw\u00f3j trop. MG wykonuje Ruch. ", "id": "Pirate informatique"}, {"name": "Kolekcjoner ", "effect": "Za ka\u017cdym razem, gdy szukasz niezwyk\u0142ego lub rzadkiego przedmiotu, rzu\u0107 +Rozum: ", "completesuccess": "Wiesz dok\u0142adnie, gdzie ten przedmiot znale\u017a\u0107, jak go dosta\u0107 i jak zminimalizowa\u0107 zagro\u017cenia, przeszkody lub koszty. ", "partialsuccess": "Wiesz mniej wi\u0119cej, gdzie ten przedmiot znale\u017a\u0107 i jakie wi\u0105\u017c\u0105 si\u0119 z tym zagro\u017cenia, przeszkody lub koszty. ", "failure": "Wiesz mniej wi\u0119cej, gdzie zacz\u0105\u0107 tego przedmiotu szuka\u0107, ale nie znasz zagro\u017ce\u0144 ani koszt\u00f3w z tym zwi\u0105zanych. \n            ", "id": "Collectionneur\u00b7euse"}, {"name": "Lalkarz ", "effect": "Za ka\u017cdym razem, gdy wykonujesz plan, wykorzystuj\u0105c innych ludzi jak pionki, rzu\u0107 +Rozum: ", "completesuccess": "Ka\u017cda zaanga\u017cowana osoba otrzymuje +1 do test\u00f3w zwi\u0105zanych z wykonaniem planu, a ty otrzymujesz 1 punkt Do\u015bwiadczenia, je\u015bli plan zadzia\u0142a. ", "partialsuccess": "Otrzymujesz 1 punkt Do\u015bwiadczenia, je\u015bli plan zadzia\u0142a, ale co\u015b przeoczy\u0142e\u015b lub \u017ale oceni\u0142e\u015b. ", "failure": "Tw\u00f3j plan jest nieodpowiedni lub nieprzemy\u015blany albo zostaje odkryty. MG wykonuje Ruch. ", "id": "Marionnettiste"}, {"name": "Lokalizator ", "effect": "Za ka\u017cdym razem, gdy u\u017cywasz swojej siatki wywiadowczej, by \u015bledzi\u0107 co\u015b lub kogo\u015b, rzu\u0107 +Rozum: ", "completesuccess": "Zadaj do trzech pyta\u0144 z poni\u017cszej listy. ", "partialsuccess": "Zadaj do dw\u00f3ch pyta\u0144 z poni\u017cszej listy. ", "failure": "Zadaj jedno pytanie. Kto\u015b zauwa\u017ca twoj\u0105 aktywno\u015b\u0107. Mo\u017ce to by\u0107 kto\u015b, komu nie chcia\u0142by\u015b si\u0119 ujawni\u0107 lub zdrajca w twojej siatce wywiadowczej. ", "id": "Pisteur\u00b7rice"}, {"name": "Medycyna polowa ", "effect": "Za ka\u017cdym razem, gdy opatrujesz ran\u0119, nawet je\u015bli nie masz dost\u0119pu do sprz\u0119tu medycznego, rzu\u0107 +Rozum: ", "completesuccess": "Wybierz dwie mo\u017cliwo\u015bci. ", "partialsuccess": "Mo\u017cesz wybra\u0107 jedn\u0105 z mo\u017cliwo\u015bci, musisz jednak wybra\u0107 te\u017c jakie\u015b negatywne skutki:  \u25ca Pozostawiasz blizny lub defekty urody (pacjent obni\u017ca Stabilno\u015b\u0107 (\u22122)).  \u25ca Wyst\u0119puj\u0105 efekty uboczne (\u22121 do wszystkich rzut\u00f3w, na jakie mog\u0142aby wp\u0142yn\u0105\u0107 rana, do czasu jej ca\u0142kowitego wyleczenia).  \u25ca Pacjent pozostaje nieprzytomny do czasu, a\u017c MG uzna, \u017ce si\u0119 budzi. ", "failure": "Opatrujesz ran\u0119, nawet bez sprz\u0119tu medycznego, ale wyst\u0119puj\u0105 nieprzewidziane i potencjalnie gro\u017ane konsekwencje, takie jak infekcje, deformacje lub inne powa\u017cne efekty uboczne. MG wykonuje Ruch. ", "id": "M\u00e9decine de guerre"}, {"name": "Naukowiec ", "effect": "Za ka\u017cdym razem, gdy Badasz przedmiot lub istot\u0119 przy pomocy odpowiednich narz\u0119dzi, mo\u017cesz \u2013 opr\u00f3cz ze standardowych pyta\u0144 \u2013 wybra\u0107 spo\u015br\u00f3d poni\u017cszych: ", "completesuccess": "", "partialsuccess": "", "failure": "", "id": "Scientifique"}, {"name": "Okultystyczna biblioteka ", "effect": "Za ka\u017cdym razem, gdy szukasz w swojej bibliotece czego\u015b o zjawiskach nadnaturalnych, rzu\u0107 +Rozum: ", "completesuccess": "Zadaj MG dwa pytania z poni\u017cszej listy. ", "partialsuccess": "Zadaj MG jedno pytanie z poni\u017cszej listy. ", "failure": "Zdaj MG jedno pytanie z poni\u017cszej listy. Przeoczy\u0142e\u015b co\u015b kluczowego. MG zyskuje 1 punkt Wp\u0142ywu, kt\u00f3ry mo\u017ce wyda\u0107 w dowolnym momencie na wykonanie twardego lub mi\u0119kkiego Ruchu. ", "id": "Biblioth\u00e8que occulte"}, {"name": "Pies go\u0144czy ", "effect": "Za ka\u017cdym razem, gdy poszukujesz informacji o kim\u015b, rzu\u0107 +Rozum: ", "completesuccess": "Zadaj MG trzy pytania z poni\u017cszej listy. ", "partialsuccess": "Zadaj MG dwa pytania z poni\u017cszej listy. ", "failure": "Zadaj jedno pytanie z poni\u017cszej listy. Kto\u015b dowiaduje si\u0119 o twoich poszukiwaniach. ", "id": "Chasseur\u00b7euse d\u2019humain\u00b7e"}, {"name": "Pirotechnik ", "effect": "Potrafisz budowa\u0107 i rozbraja\u0107 bomby. Je\u015bli posiadasz do\u015b\u0107 czasu i zasob\u00f3w, mo\u017cesz skonstruowa\u0107 ka\u017cd\u0105 bomb\u0119. Jednak\u017ce, je\u015bli konstruujesz improwizowan\u0105 bomb\u0119 pod presj\u0105 czasu, rzu\u0107 +Rozum: ", "completesuccess": "Rozbrajasz bomb\u0119. ", "partialsuccess": "Sprawy si\u0119 gmatwaj\u0105. By\u0107 mo\u017ce nie potrafisz ca\u0142kowicie jej wy\u0142\u0105czy\u0107, op\u00f3\u017ani\u0142e\u015b jedynie zapalnik czasowy, os\u0142abi\u0142e\u015b eksplozj\u0119 lub pojawi\u0142y si\u0119 inne problemy i pogorszy\u0142y spraw\u0119. ", "failure": "Kurwa, niedobrze! Bomba mo\u017ce wybuchn\u0105\u0107 ci w r\u0119kach, zapalnik czasowy odlicza 10, 9, 8, 7... lub dzieje si\u0119 co\u015b jeszcze gorszego. MG wykonuje Ruch. ", "id": "Expert\u00b7e en explosifs"}, {"name": "Przygotowany ", "effect": "Za ka\u017cdym razem, gdy szukasz informacji o jakim\u015b miejscu, zanim si\u0119 do niego udasz, rzu\u0107 +Rozum: ", "completesuccess": "Konstrukcja lub naprawa si\u0119 udaje; mo\u017cesz wybra\u0107 dwie z poni\u017cby wykona\u0107 mi\u0119kki lub twardy Ruch zwi\u0105zany z danym miejscem. ", "partialsuccess": "Konstrukcja ma niewielkie wady. Mo\u017cesz wybra\u0107 jedn\u0105 z poni\u017c", "failure": "Ko\u0144czysz konstrukcj\u0119 (lub napraw\u0119), ale ma ona powa\u017cne wady, w tym  \u25ca Znajd\u017a lub stw\u00f3rz map\u0119 miejsca. \u25ca Znajd\u017a informacje na temat wszystkich system\u00f3w bezpiecze\u0144stwa lub innych przeszk\u00f3d.  \u25ca Wytrzyma\u0142a: Konstrukcja mo\u017ce zosta\u0107 wielokrotnie wykorzystana i nie psuje  \u25ca Wska\u017c po\u0142o\u017cenie czego\u015b, czego szukasz.  \u25ca Efektywna: Konstrukcja daje +1 do rzut\u00f3w, w kt\u00f3rych jest u\u017cywana zgodnie \u25ca Efektywna: Konstrukcja daje +1 do rzut\u00f3w, w kt\u00f3rych jest u\u017cywana zgodnie", "id": "Pr\u00e9voyant\u00b7e"}, {"name": "Studia okultystyczne ", "effect": "Jeste\u015b adeptem okultyzmu. Za ka\u017cdym razem, gdy po raz pierwszy spotykasz si\u0119 z jak\u0105\u015b magiczn\u0105 dyscyplin\u0105, istot\u0105 lub zjawiskiem, rzu\u0107 +Rozum: ", "completesuccess": "Wykorzystaj obie poni\u017csze mo\u017cliwo\u015bci. ", "partialsuccess": "Wybierz jedn\u0105 z mo\u017cliwo\u015bci. ", "failure": "Masz mgliste wspomnienie, \u017ce ju\u017c spotka\u0142e\u015b si\u0119 z czym\u015b podobnym, ale nie jeste\u015b pewien. MG opisuje, co pami\u0119tasz. ", "id": "\u00c9tudes occultes"}, {"name": "\u015aledczy ", "effect": "Za ka\u017cdym razem, gdy badasz miejsce zbrodni, rzu\u0107 +Rozum: ", "completesuccess": "Zadaj dwa pytania. ", "partialsuccess": "Zadaj jedno pytanie. ", "failure": "Zadaj jedno pytanie, ale twoje \u015bledztwo wystawia ci\u0119 na zagro\u017cenie lub tworzy nowe problemy, kt\u00f3re pojawi\u0105 si\u0119 p\u00f3\u017aniej. ", "id": "Enqu\u00eateur\u00b7rice"}, {"name": "Wynalazca ", "effect": "Za ka\u017cdym razem, gdy chcesz co\u015b skonstruowa\u0107 lub naprawi\u0107, opisz, co chcesz zrobi\u0107. MG powie ci, czego potrzebujesz, a gdy zdob\u0119dziesz te rzeczy, mo\u017cesz rzuci\u0107 +Rozum:", "completesuccess": "Konstrukcja lub naprawa si\u0119 udaje; mo\u017cesz wybra\u0107 dwie z poni\u017cszych mo\u017cliwo\u015bci.", "partialsuccess": "Konstrukcja ma niewielkie wady. Mo\u017cesz wybra\u0107 jedn\u0105 z poni\u017cszych mo\u017cliwo\u015bci.", "failure": "Ko\u0144czysz konstrukcj\u0119 (lub napraw\u0119), ale ma ona powa\u017cne wady, w tym niekt\u00f3re ukryte. MG wykonuje Ruch.", "id": "Inventeur\u00b7rice"}, {"name": "Wyszukiwanie danych ", "effect": "Za ka\u017cdym razem, gdy poszukujesz informacji w bibliotece, archiwum lub Internecie, rzu\u0107 +Rozum. W zale\u017cno\u015bci od tego, czego szukasz, MG powie ci, co uda\u0142o ci si\u0119 znale\u017a\u0107, z tak\u0105 szczeg\u00f3\u0142owo\u015bci\u0105, jakiej mo\u017cna si\u0119 spodziewa\u0107 po \u017ar\u00f3dle: ", "completesuccess": "Zadaj trzy pytania. ", "partialsuccess": "Zadaj dwa pytania. ", "failure": "Zadaj jedno pytanie. Odkrywasz r\u00f3wnie\u017c co\u015b niespodziewanego. MG wykonuje Ruch. ", "id": "R\u00e9colte de donn\u00e9es"}, {"name": "Boski czempion ", "effect": "Za ka\u017cdym razem, gdy walczysz z wrogami swojego b\u00f3stwa lub bronisz \u015bwi\u0119tego przedmiotu, zadajesz +1 punkt Obra\u017ce\u0144 i otrzymujesz +1 do Ruchu Znie\u015b obra\u017cenia. Je\u015bli przegrasz tak\u0105 walk\u0119, twoje b\u00f3stwo si\u0119 gniewa i otrzymujesz \u22121 do wszystkich rzut\u00f3w z nim zwi\u0105zanych, dop\u00f3ki nie odpokutujesz za swoj\u0105 pora\u017ck\u0119. ", "completesuccess": "", "partialsuccess": "", "failure": "", "id": "Champion\u00b7ne divin\u00b7e"}, {"name": "Desperat ", "effect": "Za ka\u017cdym razem, gdy usi\u0142ujesz pokona\u0107 przyt\u0142aczaj\u0105ce trudno\u015bci, otrzymujesz +1 do wszystkich rzut\u00f3w, dop\u00f3ki zagro\u017cenie nie minie. ", "completesuccess": "", "partialsuccess": "", "failure": "", "id": "D\u00e9sesp\u00e9r\u00e9\u00b7e"}, {"name": "Do ostatniego tchu (wymaga Komplikacji Pot\u0119piony) ", "effect": "Gdy odmawiasz poddania si\u0119 nawet, gdy wszystkie szanse s\u0105 przeciwko tobie, zaznacz 1 pole Czasu, by przerzuci\u0107 ko\u015bci. ", "completesuccess": "", "partialsuccess": "", "failure": "", "id": "Jusqu\u2019au dernier souffle *"}, {"name": "Dobry samarytanin ", "effect": "Za ka\u017cdym razem, gdy pomagasz innym ze szkod\u0105 dla siebie, zwi\u0119ksz Stabilno\u015b\u0107 (+1). ", "completesuccess": "", "partialsuccess": "", "failure": "", "id": "Bon\u00b7ne Samaritain\u00b7e"}, {"name": "G\u0142\u00f3d wiedzy ", "effect": "Za ka\u017cdym razem, gdy dowiesz si\u0119 czego\u015b nowego o innych wymiarach, nadnaturalnej istocie lub jakiej\u015b Sile Wy\u017cszej, zwi\u0119ksz Stabilno\u015b\u0107 (+1). ", "completesuccess": "", "partialsuccess": "", "failure": "", "id": "Soif de connaissance"}, {"name": "Kodeks honorowy ", "effect": "Stosujesz si\u0119 do sztywnego kodeksu honorowego. Zdefiniuj go. Za ka\u017cdym razem, gdy podejmujesz ryzyko lub po\u015bwi\u0119casz co\u015b w imi\u0119 swojego kodeksu honorowego, zwi\u0119ksz Stabilno\u015b\u0107 (+1). ", "completesuccess": "", "partialsuccess": "", "failure": "", "id": "Code d\u2019honneur"}, {"name": "Manipulator ", "effect": "Za ka\u017cdym razem, gdy wy\u015bwiadczysz komu\u015b przys\u0142ug\u0119 lub poznasz sekret tej osoby, mo\u017cesz wybra\u0107 jedn\u0105 z poni\u017cszych mo\u017cliwo\u015bci i przypomnie\u0107 tej osobie o wy\u015bwiadczonej przys\u0142udze lub zasugerowa\u0107, \u017ce co\u015b o niej wiesz:  \u25ca Otrzymujesz +2 do Ruchu Wp\u0142y\u0144 na innych w zwi\u0105zku z t\u0105 osob\u0105.  \u25ca Otrzymujesz +2 do Ruchu Przeszkod\u017a przeciwko tej osobie. ", "completesuccess": "", "partialsuccess": "", "failure": "", "id": "Manipulateur\u00b7rice"}, {"name": "Obserwatorzy ", "effect": "Jeste\u015b obserwowany i chroniony przez grup\u0119 tajemniczych ludzi, kt\u00f3rzy chc\u0105 utrzyma\u0107 ci\u0119 przy \u017cyciu dla swoich w\u0142asnych, niejasnych cel\u00f3w. Za ka\u017cdym razem, gdy jeste\u015b \u015bmiertelnie zagro\u017cony, mo\u017cesz zda\u0107 si\u0119 na swoich obserwator\u00f3w. Je\u015bli to zrobisz, MG zyskuje 1 punkt Wp\u0142ywu. Obserwatorzy dzia\u0142aj\u0105 jak ma\u0142y/\u015bredni/du\u017cy gang (2/3/3 punkty Obra\u017ce\u0144, 5/10/15 Ran) w zale\u017cno\u015bci od powagi zagro\u017cenia. Ich jedynym celem jest niedopuszczenie do twojej krzywdy. MG mo\u017ce r\u00f3wnie\u017c wydawa\u0107 punkty Wp\u0142ywu, by wykonywa\u0107 przeciwko tobie Ruchy w imieniu obserwator\u00f3w. ", "completesuccess": "", "partialsuccess": "", "failure": "", "id": "Surveill\u00e9\u00b7e"}, {"name": "Odporny ", "effect": "Nie jeste\u015b tak podatny na traumy, jak inni. Za ka\u017cdym razem, gdy obni\u017casz Stabilno\u015b\u0107, tracisz 1 poziom mniej ni\u017c normalnie. ", "completesuccess": "", "partialsuccess": "", "failure": "", "id": "Encaisser les traumas"}, {"name": "Oko za oko ", "effect": "Za ka\u017cdym razem, gdy otrzymujesz powa\u017cne lub krytyczne obra\u017cenia, powiedz, kto twoim zdaniem ponosi za to odpowiedzialno\u015b\u0107. Otrzymujesz ju\u017c na zawsze +2 do wszystkich rzut\u00f3w przeciw tej osobie. Licz\u0105 si\u0119 wszystkie rzuty bezpo\u015brednio przeciw tej osobie, ale rzuty przeciw jej rodzinie, przyjacio\u0142om, podw\u0142adnym czy w\u0142asno\u015bci licz\u0105 si\u0119 tylko wtedy, gdy tak zadecyduje MG. ", "completesuccess": "", "partialsuccess": "", "failure": "", "id": "\u0152il pour \u0153il"}, {"name": "Oportunista ", "effect": "Za ka\u017cdym razem, gdy po\u015bwi\u0119cisz kogo\u015b innego, by zrealizowa\u0107 swoje plany, zwi\u0119ksz Stabilno\u015b\u0107 (+1). ", "completesuccess": "", "partialsuccess": "", "failure": "", "id": "Opportuniste"}, {"name": "Poszukiwacz tajemnic ", "effect": "Za ka\u017cdym razem, gdy podr\u00f3\u017cujesz do innych \u015bwiat\u00f3w lub spotykasz istoty z innych wymiar\u00f3w, mo\u017cesz zadeklarowa\u0107, \u017ce czyta\u0142e\u015b o tym miejscu lub istocie wcze\u015bniej. Zapytaj MG, czego si\u0119 dowiedzia\u0142e\u015b w toku swoich bada\u0144. ", "completesuccess": "", "partialsuccess": "", "failure": "", "id": "Chercheur\u00b7euse des arcanes"}, {"name": "Pracoholik ", "effect": "Za ka\u017cdym razem, gdy co\u015b stworzysz lub przeprowadzisz eksperyment, zwi\u0119ksz Stabilno\u015b\u0107 (+1). \n            ", "completesuccess": "", "partialsuccess": "", "failure": "", "id": "Drogu\u00e9\u00b7e au travail"}, {"name": "Profesjonalny sportowiec ", "effect": "By\u0142e\u015b profesjonalnym sportowcem, co zapewni\u0142o ci stypendium na finansowanie bada\u0144. Wybierz sport:  \u25ca Szermierka: Kiedy u\u017cywasz mieczy, mo\u017cesz wykona\u0107 ripost\u0119 [3] [zasi\u0119g: rami\u0119; zaatakuj bezpo\u015brednio po parowaniu]. Masz w domu rapier [bro\u0144 k\u0142uj\u0105c\u0105].  \u25ca Baseball/krykiet/pi\u0142ka r\u0119czna/pi\u0142ka no\u017cna/tenis: Otrzymujesz +1 do test\u00f3w biegania, rzucania lub chwytania przedmiot\u00f3w.  \u25ca Hokej: Otrzymujesz +1 do Ruchu Znie\u015b Obra\u017cenia przeciwko atakom w walce w zwarciu. ", "completesuccess": "", "partialsuccess": "", "failure": "", "id": "Sport d\u2019\u00e9lite"}, {"name": "Przypiecz\u0119towany los *", "effect": "(wymaga Komplikacji Pot\u0119piony) \n Za ka\u017cdym razem, gdy otrzymujesz Ran\u0119 Krytyczn\u0105, mo\u017cesz zaznaczy\u0107 1 pole Czasu przy Komplikacji Pot\u0119piony, by natychmiast potraktowa\u0107 j\u0105 jak opatrzon\u0105 Ran\u0119. Za ka\u017cdym razem, gdy umierasz, zaznacz 2 pola Czasu przy Komplikacji Pot\u0119piony, by si\u0119 obudzi\u0107 \u2013 ranny i os\u0142abiony, ale \u017cywy. Wszystkie twoje Rany licz\u0105 si\u0119 jako opatrzone. ", "completesuccess": "", "partialsuccess": "", "failure": "", "id": "Destin scell\u00e9 *"}, {"name": "Strzelec wyborowy ", "effect": "Jeste\u015b do\u015bwiadczonym strzelcem. Zadajesz +1 punkt Obra\u017ce\u0144 zawsze, kiedy u\u017cywasz broni palnej. ", "completesuccess": "", "partialsuccess": "", "failure": "", "id": "Tireur\u00b7euse d\u2019\u00e9lite"}, {"name": "Sza\u0142 ", "effect": "W trakcie walki mo\u017cesz wpa\u015b\u0107 w sza\u0142. Obni\u017c Stabilno\u015b\u0107 (\u22121) i zapisz 1 punkt Sza\u0142u. Kiedy otrzymasz ran\u0119 lub pokonasz przeciwnika, zwi\u0119ksz Sza\u0142 (+1). Sza\u0142 trwa do ko\u0144ca walki. Podczas walki mo\u017cesz wyda\u0107 1 punkt Sza\u0142u, by wybra\u0107 1 Przewag\u0119:  \u25ca Brutalny atak: Tw\u00f3j atak zadaje +1 punkt Obra\u017ce\u0144.  \u25ca Zignoruj b\u00f3l: Otrzymujesz +2 do Ruchu Znie\u015b Obra\u017cenia.  \u25ca Zatracony w szale: Otrz\u0105\u015bnij si\u0119 i zignoruj wszelkie nadnaturalne lub psychologiczne wp\u0142ywy. ", "completesuccess": "", "partialsuccess": "", "failure": "", "id": "Rage"}, {"name": "\u015awiatowiec ", "effect": "Za ka\u017cdym razem, gdy przyb\u0119dziesz do nowego miejsca w \u015bwiecie \u015bmiertelnik\u00f3w, zdecyduj, czy ju\u017c w nim by\u0142e\u015b, a je\u015bli tak \u2013 opisz jaki\u015b istotny dla ciebie szczeg\u00f3\u0142. Okre\u015bl te\u017c, czy kogo\u015b tu spotka\u0142e\u015b i co tu zostawi\u0142e\u015b. MG powie ci, co zmieni\u0142o si\u0119 od tego czasu. ", "completesuccess": "", "partialsuccess": "", "failure": "", "id": "Baroudeur\u00b7euse"}, {"name": "Twardziel ", "effect": "Otrzymujesz +1 na sta\u0142e do Ruchu Znie\u015b Obra\u017cenia. ", "completesuccess": "", "partialsuccess": "", "failure": "", "id": "Dur\u00b7e au mal"}, {"name": "Uraza ", "effect": "Za ka\u017cdym razem, gdy kto\u015b bezpo\u015brednio lub po\u015brednio zniweczy twoje plany, otrzymujesz +1 do wszystkich rzut\u00f3w przeciw tej osobie do czasu, a\u017c wywrzesz zemst\u0119 lub otrzymasz odpowiednie zado\u015b\u0107uczynienie. ", "completesuccess": "", "partialsuccess": "", "failure": "", "id": "Rancunier\u00b7\u00e8re"}, {"name": "Za wszelk\u0105 cen\u0119 ", "effect": "Za ka\u017cdym razem, gdy naprawd\u0119 czego\u015b po\u017c\u0105dasz, mo\u017cesz otrzyma\u0107 +2 do rzutu w zamian za obni\u017cenie Stabilno\u015bci (\u22122). ", "completesuccess": "", "partialsuccess": "", "failure": "", "id": "\u00c0 n\u2019importe quel prix"}, {"name": "Zaci\u015bni\u0119te z\u0119by ", "effect": "Zn\u0119canie si\u0119, przemoc, autoagresja i napa\u015bci nie s\u0105 ci obce, a b\u00f3lu ju\u017c prawie nie czujesz. Nie otrzymujesz kar za Rany, ani Powa\u017cne, ani Krytyczne. ", "completesuccess": "", "partialsuccess": "", "failure": "", "id": "Dents serr\u00e9es"}, {"name": "Znu\u017cony ", "effect": "Za ka\u017cdym razem, gdy wyrzucisz (10\u201314) podczas Ruchu We\u017a si\u0119 w gar\u015b\u0107, mo\u017cesz st\u0142umi\u0107 emocje i op\u00f3\u017ani\u0107 ich skutki do nast\u0119pnej sceny. ", "completesuccess": "", "partialsuccess": "", "failure": "", "id": "Blas\u00e9\u00b7e"}]}