{
  "id": "kult-compendium-pl",
  "title": "KULT: Divinity Lost · Compendiums Transaltions PL",
  "description": "Polish translations for compendiums form module of French module for the 'KULT: Divinity Lost (4th Edition)' (k4lt) game system on Foundry VTT.",
  "version": "1.4.4",
  "license": "LICENSE",
  "compatibility": {
    "minimum": "9",
    "verified": "11.308",
    "maximum": "12"
  },
  "authors": [
    {
      "name": "Otimor",
      "url": "",
      "email": "foundrysquad@gmail.com"
    }
  ],
  "relationships": {
    "systems": [
      {"id": "k4lt"}
    ],
    "requires": [
      {
        "id": "babele",
        "type": "module"
      },
      {
        "id": "lib-wrapper",
        "type": "module"
      },
      {
        "id": "k4lt-fr",
        "type": "module"
      }
    ]
  },
  "esmodules": ["k4lt-fr-translate-pl.js"],
  "styles": [],
  "packs": [{
      "label": "Atuty",
      "name": "advantages",
      "type": "Item",
      "system": "k4lt",
      "path": "packs/advantages.db"
    }],
    "url": "https://github.com/otimor/kult-compendium-pl",
    "manifest": "https://raw.githubusercontent.com/otimor/kult-compendium-pl/main/module.json",
    "download": "https://raw.githubusercontent.com/otimor/kult-compendium-pl/main/kult_compendium_pl.zip"
}
